rundate,this_period,last_period,group_name,airport_1_name,airport_2_name,total_pax_this_period,total_pax_scheduled_this_period,total_pax_charter_this_period,total_pax_last_period,total_pax_scheduled_last_period,total_pax_charter_last_period,total_pax_percent
12/04/2019 14:41,201902,201802,Other Reporting Airports,ABERDEEN,BELFAST CITY (GEORGE BEST),2821,2821,0,3231,3231,0,-12.68957
12/04/2019 14:41,201902,201802,Other Reporting Airports,ABERDEEN,BIRMINGHAM,8895,8895,0,8304,8304,0,7.11705
12/04/2019 14:41,201902,201802,Other Reporting Airports,ABERDEEN,BRISTOL,393,393,0,1062,1062,0,-62.99435
12/04/2019 14:41,201902,201802,Other Reporting Airports,ABERDEEN,CARDIFF WALES,0,0,0,697,697,0,-100
12/04/2019 14:41,201902,201802,Other Reporting Airports,ABERDEEN,DONCASTER SHEFFIELD,19,0,19,0,0,0,0
12/04/2019 14:41,201902,201802,Other Reporting Airports,ABERDEEN,DURHAM TEES VALLEY,1450,1450,0,2560,2560,0,-43.35938
12/04/2019 14:41,201902,201802,Other Reporting Airports,ABERDEEN,EAST MIDLANDS INTERNATIONAL,78,78,0,0,0,0,0
12/04/2019 14:41,201902,201802,Other Reporting Airports,ABERDEEN,EDINBURGH,27,27,0,0,0,0,0
12/04/2019 14:41,201902,201802,Other Reporting Airports,ABERDEEN,GLASGOW,33,33,0,0,0,0,0
12/04/2019 14:41,201902,201802,Other Reporting Airports,ABERDEEN,HUMBERSIDE,1744,1744,0,1654,1654,0,5.44135
12/04/2019 14:41,201902,201802,Other Reporting Airports,ABERDEEN,KIRKWALL,3936,3881,55,4805,4805,0,-18.08533
12/04/2019 14:41,201902,201802,Other Reporting Airports,ABERDEEN,LEEDS BRADFORD,0,0,0,470,470,0,-100
12/04/2019 14:41,201902,201802,Other Reporting Airports,ABERDEEN,MANCHESTER,15385,15385,0,14435,14435,0,6.58123
12/04/2019 14:41,201902,201802,Other Reporting Airports,ABERDEEN,NEWCASTLE,567,567,0,865,865,0,-34.45087
12/04/2019 14:41,201902,201802,Other Reporting Airports,ABERDEEN,NORWICH,3530,3530,0,3026,3026,0,16.65565
12/04/2019 14:41,201902,201802,Other Reporting Airports,ABERDEEN,SCATSTA,4791,0,4791,6998,0,6998,-31.53758
12/04/2019 14:41,201902,201802,Other Reporting Airports,ABERDEEN,SOUTHAMPTON,440,440,0,1498,1498,0,-70.6275
12/04/2019 14:41,201902,201802,Other Reporting Airports,ABERDEEN,STORNOWAY,0,0,0,430,430,0,-100
12/04/2019 14:41,201902,201802,Other Reporting Airports,ABERDEEN,SUMBURGH,6544,5151,1393,13014,8275,4739,-49.71569
12/04/2019 14:41,201902,201802,Other Reporting Airports,ABERDEEN,WICK JOHN O GROATS,484,484,0,699,699,0,-30.75823
12/04/2019 14:41,201902,201802,Other Reporting Airports,ALDERNEY,GUERNSEY,1754,1754,0,1755,1755,0,-0.05698
12/04/2019 14:41,201902,201802,Other Reporting Airports,ALDERNEY,SOUTHAMPTON,1169,1169,0,1065,1065,0,9.76526
12/04/2019 14:41,201902,201802,Other Reporting Airports,ANGLESEY (VALLEY),CARDIFF WALES,17,17,0,0,0,0,0
12/04/2019 14:41,201902,201802,Other Reporting Airports,ANGLESEY (VALLEY),HAWARDEN,0,0,0,12,12,0,-100
12/04/2019 14:41,201902,201802,Other Reporting Airports,BARRA,BENBECULA,0,0,0,6,6,0,-100
12/04/2019 14:41,201902,201802,Other Reporting Airports,BARRA,GLASGOW,959,959,0,953,953,0,0.62959
12/04/2019 14:41,201902,201802,Other Reporting Airports,BELFAST CITY (GEORGE BEST),BELFAST INTERNATIONAL,63,63,0,0,0,0,0
12/04/2019 14:41,201902,201802,Other Reporting Airports,BELFAST CITY (GEORGE BEST),BIRMINGHAM,19938,19938,0,20108,20061,47,-0.84543
12/04/2019 14:41,201902,201802,Other Reporting Airports,BELFAST CITY (GEORGE BEST),CARDIFF WALES,5408,5408,0,5577,5539,38,-3.0303
12/04/2019 14:41,201902,201802,Other Reporting Airports,BELFAST CITY (GEORGE BEST),DONCASTER SHEFFIELD,2102,2102,0,0,0,0,0
12/04/2019 14:41,201902,201802,Other Reporting Airports,BELFAST CITY (GEORGE BEST),EAST MIDLANDS INTERNATIONAL,10304,10174,130,10103,10103,0,1.98951
12/04/2019 14:41,201902,201802,Other Reporting Airports,BELFAST CITY (GEORGE BEST),EDINBURGH,11161,11161,0,11154,11154,0,0.06276
12/04/2019 14:41,201902,201802,Other Reporting Airports,BELFAST CITY (GEORGE BEST),EXETER,1943,1943,0,2207,2207,0,-11.96194
12/04/2019 14:41,201902,201802,Other Reporting Airports,BELFAST CITY (GEORGE BEST),GLASGOW,12455,12455,0,10909,10909,0,14.17178
12/04/2019 14:41,201902,201802,Other Reporting Airports,BELFAST CITY (GEORGE BEST),INVERNESS,1702,1702,0,1849,1849,0,-7.95024
12/04/2019 14:41,201902,201802,Other Reporting Airports,BELFAST CITY (GEORGE BEST),ISLE OF MAN,0,0,0,578,578,0,-100
12/04/2019 14:41,201902,201802,Other Reporting Airports,BELFAST CITY (GEORGE BEST),LEEDS BRADFORD,12953,12904,49,13154,13154,0,-1.52805
12/04/2019 14:41,201902,201802,Other Reporting Airports,BELFAST CITY (GEORGE BEST),LIVERPOOL (JOHN LENNON),0,0,0,1504,1504,0,-100
12/04/2019 14:41,201902,201802,Other Reporting Airports,BELFAST CITY (GEORGE BEST),MANCHESTER,19069,19002,67,20674,20674,0,-7.76337
12/04/2019 14:41,201902,201802,Other Reporting Airports,BELFAST CITY (GEORGE BEST),NEWCASTLE,0,0,0,492,492,0,-100
12/04/2019 14:41,201902,201802,Other Reporting Airports,BELFAST CITY (GEORGE BEST),SOUTHAMPTON,8234,8234,0,8784,8784,0,-6.26138
12/04/2019 14:41,201902,201802,Other Reporting Airports,BELFAST INTERNATIONAL,BIRMINGHAM,21139,21139,0,21230,21230,0,-0.42864
12/04/2019 14:41,201902,201802,Other Reporting Airports,BELFAST INTERNATIONAL,BRISTOL,20415,20415,0,20358,20358,0,0.27999
12/04/2019 14:41,201902,201802,Other Reporting Airports,BELFAST INTERNATIONAL,EDINBURGH,26178,26178,0,23698,23698,0,10.46502
12/04/2019 14:41,201902,201802,Other Reporting Airports,BELFAST INTERNATIONAL,GLASGOW,24553,24553,0,23028,23028,0,6.62237
12/04/2019 14:41,201902,201802,Other Reporting Airports,BELFAST INTERNATIONAL,ISLE OF MAN,1617,1617,0,0,0,0,0
12/04/2019 14:41,201902,201802,Other Reporting Airports,BELFAST INTERNATIONAL,LIVERPOOL (JOHN LENNON),43647,43647,0,41762,41762,0,4.51367
12/04/2019 14:41,201902,201802,Other Reporting Airports,BELFAST INTERNATIONAL,MANCHESTER,42729,42729,0,23636,23636,0,80.77932
12/04/2019 14:41,201902,201802,Other Reporting Airports,BELFAST INTERNATIONAL,NEWCASTLE,20916,20916,0,20026,20026,0,4.44422
12/04/2019 14:41,201902,201802,Other Reporting Airports,BENBECULA,EDINBURGH,0,0,0,230,230,0,-100
12/04/2019 14:41,201902,201802,Other Reporting Airports,BENBECULA,GLASGOW,1709,1709,0,1412,1412,0,21.03399
12/04/2019 14:41,201902,201802,Other Reporting Airports,BENBECULA,STORNOWAY,924,924,0,861,861,0,7.31707
12/04/2019 14:41,201902,201802,Other Reporting Airports,BENBECULA,TIREE,18,18,0,0,0,0,0
12/04/2019 14:41,201902,201802,Other Reporting Airports,BIGGIN HILL,NEWCASTLE,0,0,0,41,0,41,-100
12/04/2019 14:41,201902,201802,Other Reporting Airports,BIRMINGHAM,BRISTOL,178,178,0,0,0,0,0
12/04/2019 14:41,201902,201802,Other Reporting Airports,BIRMINGHAM,EAST MIDLANDS INTERNATIONAL,78,78,0,0,0,0,0
12/04/2019 14:41,201902,201802,Other Reporting Airports,BIRMINGHAM,EDINBURGH,21510,21510,0,19232,19232,0,11.84484
12/04/2019 14:41,201902,201802,Other Reporting Airports,BIRMINGHAM,GLASGOW,17346,17346,0,15843,15843,0,9.48684
12/04/2019 14:41,201902,201802,Other Reporting Airports,BIRMINGHAM,GUERNSEY,3035,3035,0,2579,2579,0,17.68127
12/04/2019 14:41,201902,201802,Other Reporting Airports,BIRMINGHAM,INVERNESS,2847,2847,0,3199,3199,0,-11.00344
12/04/2019 14:41,201902,201802,Other Reporting Airports,BIRMINGHAM,ISLE OF MAN,2973,2973,0,2988,2988,0,-0.50201
12/04/2019 14:41,201902,201802,Other Reporting Airports,BIRMINGHAM,JERSEY,2244,2244,0,2972,2972,0,-24.49529
12/04/2019 14:41,201902,201802,Other Reporting Airports,BIRMINGHAM,LEEDS BRADFORD,58,58,0,0,0,0,0
12/04/2019 14:41,201902,201802,Other Reporting Airports,BIRMINGHAM,LIVERPOOL (JOHN LENNON),0,0,0,1,1,0,-100
12/04/2019 14:41,201902,201802,Other Reporting Airports,BIRMINGHAM,MANCHESTER,70,70,0,68,68,0,2.94118
12/04/2019 14:41,201902,201802,Other Reporting Airports,BIRMINGHAM,NEWCASTLE,111,111,0,0,0,0,0
12/04/2019 14:41,201902,201802,Other Reporting Airports,BOURNEMOUTH,CARDIFF WALES,74,74,0,0,0,0,0
12/04/2019 14:41,201902,201802,Other Reporting Airports,BOURNEMOUTH,MANCHESTER,0,0,0,178,0,178,-100
12/04/2019 14:41,201902,201802,Other Reporting Airports,BOURNEMOUTH,NEWCASTLE,0,0,0,86,0,86,-100
12/04/2019 14:41,201902,201802,Other Reporting Airports,BRISTOL,DONCASTER SHEFFIELD,0,0,0,47,47,0,-100
12/04/2019 14:41,201902,201802,Other Reporting Airports,BRISTOL,EDINBURGH,31117,31058,59,32762,32762,0,-5.02106
12/04/2019 14:41,201902,201802,Other Reporting Airports,BRISTOL,GLASGOW,23671,23671,0,25059,25059,0,-5.53893
12/04/2019 14:41,201902,201802,Other Reporting Airports,BRISTOL,GUERNSEY,849,849,0,1191,1191,0,-28.71537
12/04/2019 14:41,201902,201802,Other Reporting Airports,BRISTOL,HAWARDEN,298,298,0,321,14,307,-7.16511
12/04/2019 14:41,201902,201802,Other Reporting Airports,BRISTOL,INVERNESS,5335,5335,0,5267,5267,0,1.29106
12/04/2019 14:41,201902,201802,Other Reporting Airports,BRISTOL,ISLE OF MAN,1599,1599,0,1913,1913,0,-16.41401
12/04/2019 14:41,201902,201802,Other Reporting Airports,BRISTOL,JERSEY,1435,1435,0,1466,1466,0,-2.1146
12/04/2019 14:41,201902,201802,Other Reporting Airports,BRISTOL,LEEDS BRADFORD,29,29,0,0,0,0,0
12/04/2019 14:41,201902,201802,Other Reporting Airports,BRISTOL,LIVERPOOL (JOHN LENNON),146,146,0,0,0,0,0
12/04/2019 14:41,201902,201802,Other Reporting Airports,BRISTOL,MANCHESTER,61,0,61,0,0,0,0
12/04/2019 14:41,201902,201802,Other Reporting Airports,BRISTOL,NEWCASTLE,14016,13961,55,14429,14267,162,-2.86229
12/04/2019 14:41,201902,201802,Other Reporting Airports,BRISTOL,NORWICH,45,0,45,0,0,0,0
12/04/2019 14:41,201902,201802,Other Reporting Airports,CAMBRIDGE,MANCHESTER,285,285,0,254,254,0,12.20472
12/04/2019 14:41,201902,201802,Other Reporting Airports,CAMPBELTOWN,GLASGOW,465,465,0,474,474,0,-1.89873
12/04/2019 14:41,201902,201802,Other Reporting Airports,CARDIFF WALES,DONCASTER SHEFFIELD,0,0,0,153,0,153,-100
12/04/2019 14:41,201902,201802,Other Reporting Airports,CARDIFF WALES,DURHAM TEES VALLEY,49,0,49,66,0,66,-25.75758
12/04/2019 14:41,201902,201802,Other Reporting Airports,CARDIFF WALES,EAST MIDLANDS INTERNATIONAL,0,0,0,76,0,76,-100
12/04/2019 14:41,201902,201802,Other Reporting Airports,CARDIFF WALES,EDINBURGH,6442,6442,0,7259,7129,130,-11.25499
12/04/2019 14:41,201902,201802,Other Reporting Airports,CARDIFF WALES,GLASGOW,2245,2245,0,2734,2734,0,-17.88588
12/04/2019 14:41,201902,201802,Other Reporting Airports,CARDIFF WALES,JERSEY,868,868,0,947,947,0,-8.34213
12/04/2019 14:41,201902,201802,Other Reporting Airports,CARDIFF WALES,LEEDS BRADFORD,38,0,38,79,0,79,-51.89873
12/04/2019 14:41,201902,201802,Other Reporting Airports,CARDIFF WALES,LIVERPOOL (JOHN LENNON),41,0,41,0,0,0,0
12/04/2019 14:41,201902,201802,Other Reporting Airports,CARDIFF WALES,MANCHESTER,135,0,135,55,0,55,145.45455
12/04/2019 14:41,201902,201802,Other Reporting Airports,CARDIFF WALES,NEWCASTLE,457,457,0,1014,1014,0,-54.93097
12/04/2019 14:41,201902,201802,Other Reporting Airports,CITY OF DERRY (EGLINTON),EDINBURGH,5857,5857,0,0,0,0,0
12/04/2019 14:41,201902,201802,Other Reporting Airports,CITY OF DERRY (EGLINTON),GLASGOW,913,913,0,5967,5967,0,-84.69918
12/04/2019 14:41,201902,201802,Other Reporting Airports,CITY OF DERRY (EGLINTON),LIVERPOOL (JOHN LENNON),5240,5240,0,5334,5334,0,-1.76228
12/04/2019 14:41,201902,201802,Other Reporting Airports,COLL,TIREE,55,55,0,31,31,0,77.41935
12/04/2019 14:41,201902,201802,Other Reporting Airports,COLONSAY,ISLAY,21,21,0,29,29,0,-27.58621
12/04/2019 14:41,201902,201802,Other Reporting Airports,DONCASTER SHEFFIELD,JERSEY,749,749,0,707,707,0,5.94059
12/04/2019 14:41,201902,201802,Other Reporting Airports,DUNDEE,EDINBURGH,0,0,0,9,9,0,-100
12/04/2019 14:41,201902,201802,Other Reporting Airports,DUNDEE,SUMBURGH,25,25,0,0,0,0,0
12/04/2019 14:41,201902,201802,Other Reporting Airports,DURHAM TEES VALLEY,FARNBOROUGH,0,0,0,32,32,0,-100
12/04/2019 14:41,201902,201802,Other Reporting Airports,DURHAM TEES VALLEY,HUMBERSIDE,12,12,0,0,0,0,0
12/04/2019 14:41,201902,201802,Other Reporting Airports,DURHAM TEES VALLEY,NEWCASTLE,0,0,0,8,8,0,-100
12/04/2019 14:41,201902,201802,Other Reporting Airports,DURHAM TEES VALLEY,NORWICH,0,0,0,32,32,0,-100
12/04/2019 14:41,201902,201802,Other Reporting Airports,EAST MIDLANDS INTERNATIONAL,EDINBURGH,6365,6365,0,6898,6898,0,-7.72688
12/04/2019 14:41,201902,201802,Other Reporting Airports,EAST MIDLANDS INTERNATIONAL,GLASGOW,8091,8091,0,7397,7397,0,9.38218
12/04/2019 14:41,201902,201802,Other Reporting Airports,EAST MIDLANDS INTERNATIONAL,GUERNSEY,879,879,0,531,531,0,65.53672
12/04/2019 14:41,201902,201802,Other Reporting Airports,EAST MIDLANDS INTERNATIONAL,JERSEY,1548,1548,0,2389,2389,0,-35.20301
12/04/2019 14:41,201902,201802,Other Reporting Airports,EAST MIDLANDS INTERNATIONAL,SOUTHAMPTON,45,0,45,0,0,0,0
12/04/2019 14:41,201902,201802,Other Reporting Airports,EDAY,KIRKWALL,56,56,0,75,75,0,-25.33333
12/04/2019 14:41,201902,201802,Other Reporting Airports,EDINBURGH,EXETER,3578,3578,0,3384,3384,0,5.73286
12/04/2019 14:41,201902,201802,Other Reporting Airports,EDINBURGH,GLASGOW,0,0,0,64,64,0,-100
12/04/2019 14:41,201902,201802,Other Reporting Airports,EDINBURGH,ISLE OF MAN,344,344,0,335,335,0,2.68657
12/04/2019 14:41,201902,201802,Other Reporting Airports,EDINBURGH,KIRKWALL,3275,3275,0,2481,2481,0,32.00322
12/04/2019 14:41,201902,201802,Other Reporting Airports,EDINBURGH,MANCHESTER,8199,8199,0,7484,7484,0,9.55371
12/04/2019 14:41,201902,201802,Other Reporting Airports,EDINBURGH,NORWICH,1786,1786,0,1813,1813,0,-1.48924
12/04/2019 14:41,201902,201802,Other Reporting Airports,EDINBURGH,SOUTHAMPTON,14330,14263,67,13970,13970,0,2.57695
12/04/2019 14:41,201902,201802,Other Reporting Airports,EDINBURGH,STORNOWAY,1181,1181,0,791,791,0,49.30468
12/04/2019 14:41,201902,201802,Other Reporting Airports,EDINBURGH,SUMBURGH,2554,2554,0,2602,2602,0,-1.84473
12/04/2019 14:41,201902,201802,Other Reporting Airports,EDINBURGH,WICK JOHN O GROATS,459,459,0,585,585,0,-21.53846
12/04/2019 14:41,201902,201802,Other Reporting Airports,EXETER,GLASGOW,2231,2231,0,2337,2337,0,-4.53573
12/04/2019 14:41,201902,201802,Other Reporting Airports,EXETER,GUERNSEY,1968,1968,0,1865,1865,0,5.52279
12/04/2019 14:41,201902,201802,Other Reporting Airports,EXETER,HUMBERSIDE,0,0,0,68,0,68,-100
12/04/2019 14:41,201902,201802,Other Reporting Airports,EXETER,JERSEY,2763,2763,0,2819,2819,0,-1.98652
12/04/2019 14:41,201902,201802,Other Reporting Airports,EXETER,MANCHESTER,10098,10098,0,9393,9393,0,7.50559
12/04/2019 14:41,201902,201802,Other Reporting Airports,EXETER,NEWCASTLE,2999,2999,0,2920,2920,0,2.70548
12/04/2019 14:41,201902,201802,Other Reporting Airports,EXETER,NORWICH,2087,2087,0,2063,2063,0,1.16335
12/04/2019 14:41,201902,201802,Other Reporting Airports,FAIR ISLE,LERWICK (TINGWALL),138,138,0,136,136,0,1.47059
12/04/2019 14:41,201902,201802,Other Reporting Airports,FAIR ISLE,SUMBURGH,0,0,0,5,5,0,-100
12/04/2019 14:41,201902,201802,Other Reporting Airports,FOULA,LERWICK (TINGWALL),59,59,0,85,85,0,-30.58824
12/04/2019 14:41,201902,201802,London Area Airports,GATWICK,ABERDEEN,2329,2329,0,10728,10728,0,-78.29045
12/04/2019 14:41,201902,201802,London Area Airports,GATWICK,BELFAST INTERNATIONAL,47519,47519,0,48649,48649,0,-2.32276
12/04/2019 14:41,201902,201802,London Area Airports,GATWICK,BIRMINGHAM,35,0,35,0,0,0,0
12/04/2019 14:41,201902,201802,London Area Airports,GATWICK,BOURNEMOUTH,58,58,0,0,0,0,0
12/04/2019 14:41,201902,201802,London Area Airports,GATWICK,CARDIFF WALES,0,0,0,81,0,81,-100
12/04/2019 14:41,201902,201802,London Area Airports,GATWICK,EAST MIDLANDS INTERNATIONAL,107,0,107,34,0,34,214.70588
12/04/2019 14:41,201902,201802,London Area Airports,GATWICK,EDINBURGH,54417,54417,0,56478,56478,0,-3.64921
12/04/2019 14:41,201902,201802,London Area Airports,GATWICK,GLASGOW,49451,49451,0,45948,45948,0,7.62384
12/04/2019 14:41,201902,201802,London Area Airports,GATWICK,GUERNSEY,23173,23173,0,21646,21646,0,7.05442
12/04/2019 14:41,201902,201802,London Area Airports,GATWICK,HEATHROW,153,153,0,0,0,0,0
12/04/2019 14:41,201902,201802,London Area Airports,GATWICK,INVERNESS,19499,19499,0,18487,18487,0,5.47412
12/04/2019 14:41,201902,201802,London Area Airports,GATWICK,ISLE OF MAN,14316,14316,0,13247,13247,0,8.06975
12/04/2019 14:41,201902,201802,London Area Airports,GATWICK,JERSEY,49550,49550,0,47760,47760,0,3.74791
12/04/2019 14:41,201902,201802,London Area Airports,GATWICK,MANCHESTER,157,0,157,210,0,210,-25.2381
12/04/2019 14:41,201902,201802,London Area Airports,GATWICK,NEWQUAY,13344,13344,0,12844,12844,0,3.89287
12/04/2019 14:41,201902,201802,Other Reporting Airports,GLASGOW,INVERNESS,0,0,0,2,2,0,-100
12/04/2019 14:41,201902,201802,Other Reporting Airports,GLASGOW,ISLAY,1770,1770,0,1864,1864,0,-5.04292
12/04/2019 14:41,201902,201802,Other Reporting Airports,GLASGOW,ISLE OF MAN,0,0,0,200,200,0,-100
12/04/2019 14:41,201902,201802,Other Reporting Airports,GLASGOW,JERSEY,1805,1805,0,2191,2191,0,-17.61753
12/04/2019 14:41,201902,201802,Other Reporting Airports,GLASGOW,KIRKWALL,1317,1317,0,1091,1091,0,20.71494
12/04/2019 14:41,201902,201802,Other Reporting Airports,GLASGOW,MANCHESTER,3166,3166,0,4503,4503,0,-29.69132
12/04/2019 14:41,201902,201802,Other Reporting Airports,GLASGOW,SOUTHAMPTON,13623,13623,0,11931,11931,0,14.18154
12/04/2019 14:41,201902,201802,Other Reporting Airports,GLASGOW,STORNOWAY,4987,4987,0,5912,5912,0,-15.64614
12/04/2019 14:41,201902,201802,Other Reporting Airports,GLASGOW,SUMBURGH,1677,1677,0,1967,1967,0,-14.74326
12/04/2019 14:41,201902,201802,Other Reporting Airports,GLASGOW,TIREE,685,685,0,595,595,0,15.12605
12/04/2019 14:41,201902,201802,Other Reporting Airports,GUERNSEY,JERSEY,7332,7332,0,6993,6993,0,4.8477
12/04/2019 14:41,201902,201802,Other Reporting Airports,GUERNSEY,MANCHESTER,4008,4008,0,3864,3864,0,3.72671
12/04/2019 14:41,201902,201802,Other Reporting Airports,GUERNSEY,SOUTHAMPTON,6866,6866,0,7509,7509,0,-8.56306
12/04/2019 14:41,201902,201802,London Area Airports,HEATHROW,ABERDEEN,47669,47669,0,43857,43857,0,8.69188
12/04/2019 14:41,201902,201802,London Area Airports,HEATHROW,BELFAST CITY (GEORGE BEST),47160,47160,0,49642,49642,0,-4.9998
12/04/2019 14:41,201902,201802,London Area Airports,HEATHROW,EDINBURGH,70209,70209,0,84947,84947,0,-17.34964
12/04/2019 14:41,201902,201802,London Area Airports,HEATHROW,GLASGOW,60296,60296,0,61923,61923,0,-2.62746
12/04/2019 14:41,201902,201802,London Area Airports,HEATHROW,INVERNESS,4886,4886,0,4698,4698,0,4.0017
12/04/2019 14:41,201902,201802,London Area Airports,HEATHROW,LEEDS BRADFORD,7625,7625,0,10006,10006,0,-23.79572
12/04/2019 14:41,201902,201802,London Area Airports,HEATHROW,MANCHESTER,49786,49786,0,52990,52990,0,-6.04642
12/04/2019 14:41,201902,201802,London Area Airports,HEATHROW,NEWCASTLE,33230,33230,0,39106,39106,0,-15.02583
12/04/2019 14:41,201902,201802,Other Reporting Airports,HUMBERSIDE,MARHAM(KINGS LYNN),0,0,0,1,1,0,-100
12/04/2019 14:41,201902,201802,Other Reporting Airports,HUMBERSIDE,NORWICH,21,21,0,0,0,0,0
12/04/2019 14:41,201902,201802,Other Reporting Airports,HUMBERSIDE,WARTON,6,6,0,8,8,0,-25
12/04/2019 14:41,201902,201802,Other Reporting Airports,INVERNESS,KIRKWALL,1183,1183,0,1220,1220,0,-3.03279
12/04/2019 14:41,201902,201802,Other Reporting Airports,INVERNESS,MANCHESTER,3847,3847,0,3947,3947,0,-2.53357
12/04/2019 14:41,201902,201802,Other Reporting Airports,INVERNESS,STORNOWAY,2335,2335,0,1898,1898,0,23.02424
12/04/2019 14:41,201902,201802,Other Reporting Airports,ISLAY,OBAN (NORTH CONNEL),14,14,0,12,12,0,16.66667
12/04/2019 14:41,201902,201802,Other Reporting Airports,ISLAY,TIREE,12,12,0,0,0,0,0
12/04/2019 14:41,201902,201802,Other Reporting Airports,ISLE OF MAN,LIVERPOOL (JOHN LENNON),19808,19808,0,18685,18685,0,6.01017
12/04/2019 14:41,201902,201802,Other Reporting Airports,ISLE OF MAN,MANCHESTER,12425,12425,0,12007,12007,0,3.4813
12/04/2019 14:41,201902,201802,Other Reporting Airports,ISLE OF MAN,NEWCASTLE,0,0,0,43,43,0,-100
12/04/2019 14:41,201902,201802,Other Reporting Airports,ISLES OF SCILLY (ST.MARYS),NEWQUAY,402,402,0,520,520,0,-22.69231
12/04/2019 14:41,201902,201802,Other Reporting Airports,JERSEY,LIVERPOOL (JOHN LENNON),11281,11281,0,7989,7989,0,41.20666
12/04/2019 14:41,201902,201802,Other Reporting Airports,JERSEY,MANCHESTER,2501,2501,0,2630,2630,0,-4.90494
12/04/2019 14:41,201902,201802,Other Reporting Airports,JERSEY,SOUTHAMPTON,10567,10567,0,11836,11836,0,-10.72153
12/04/2019 14:41,201902,201802,Other Reporting Airports,KIRKWALL,NORTH RONALDSAY,345,345,0,376,376,0,-8.24468
12/04/2019 14:41,201902,201802,Other Reporting Airports,KIRKWALL,PAPA WESTRAY,349,349,0,344,344,0,1.45349
12/04/2019 14:41,201902,201802,Other Reporting Airports,KIRKWALL,SANDAY,297,297,0,246,246,0,20.73171
12/04/2019 14:41,201902,201802,Other Reporting Airports,KIRKWALL,STRONSAY,333,333,0,313,313,0,6.38978
12/04/2019 14:41,201902,201802,Other Reporting Airports,KIRKWALL,SUMBURGH,508,508,0,581,581,0,-12.56454
12/04/2019 14:41,201902,201802,Other Reporting Airports,KIRKWALL,WESTRAY,281,281,0,267,267,0,5.24345
12/04/2019 14:41,201902,201802,Other Reporting Airports,KIRKWALL,WICK JOHN O GROATS,50,50,0,0,0,0,0
12/04/2019 14:41,201902,201802,Other Reporting Airports,LEEDS BRADFORD,NEWQUAY,1535,1535,0,1392,1392,0,10.27299
12/04/2019 14:41,201902,201802,Other Reporting Airports,LEEDS BRADFORD,SOUTHAMPTON,2121,2121,0,2635,2635,0,-19.50664
12/04/2019 14:41,201902,201802,Other Reporting Airports,LIVERPOOL (JOHN LENNON),MANCHESTER,0,0,0,1,1,0,-100
12/04/2019 14:41,201902,201802,Other Reporting Airports,LIVERPOOL (JOHN LENNON),SOUTHAMPTON,0,0,0,94,0,94,-100
12/04/2019 14:41,201902,201802,London Area Airports,LONDON CITY,ABERDEEN,834,834,0,4106,4106,0,-79.68826
12/04/2019 14:41,201902,201802,London Area Airports,LONDON CITY,BELFAST CITY (GEORGE BEST),15786,15786,0,10742,10742,0,46.95587
12/04/2019 14:41,201902,201802,London Area Airports,LONDON CITY,EDINBURGH,40204,40204,0,35299,35299,0,13.89558
12/04/2019 14:41,201902,201802,London Area Airports,LONDON CITY,EXETER,2843,2843,0,2646,2646,0,7.4452
12/04/2019 14:41,201902,201802,London Area Airports,LONDON CITY,GLASGOW,17796,17796,0,14953,14953,0,19.01291
12/04/2019 14:41,201902,201802,London Area Airports,LONDON CITY,ISLE OF MAN,4551,4551,0,4599,4599,0,-1.04371
12/04/2019 14:41,201902,201802,London Area Airports,LONDON CITY,JERSEY,2271,2271,0,2286,2286,0,-0.65617
12/04/2019 14:41,201902,201802,London Area Airports,LONDON CITY,MANCHESTER,177,177,0,262,262,0,-32.44275
12/04/2019 14:41,201902,201802,London Area Airports,LONDON CITY,NEWCASTLE,1552,1552,0,0,0,0,0
12/04/2019 14:41,201902,201802,London Area Airports,LUTON,ABERDEEN,5963,5963,0,5736,5736,0,3.95746
12/04/2019 14:41,201902,201802,London Area Airports,LUTON,BELFAST INTERNATIONAL,26231,26231,0,26705,26705,0,-1.77495
12/04/2019 14:41,201902,201802,London Area Airports,LUTON,EDINBURGH,23385,23385,0,23141,23141,0,1.05441
12/04/2019 14:41,201902,201802,London Area Airports,LUTON,GLASGOW,18802,18802,0,18872,18872,0,-0.37092
12/04/2019 14:41,201902,201802,London Area Airports,LUTON,INVERNESS,8156,8156,0,7514,7514,0,8.54405
12/04/2019 14:41,201902,201802,London Area Airports,LUTON,MANCHESTER,436,150,286,238,0,238,83.19328
12/04/2019 14:41,201902,201802,Other Reporting Airports,MANCHESTER,NEWCASTLE,0,0,0,80,0,80,-100
12/04/2019 14:41,201902,201802,Other Reporting Airports,MANCHESTER,NEWQUAY,4736,4736,0,4327,4327,0,9.45228
12/04/2019 14:41,201902,201802,Other Reporting Airports,MANCHESTER,NORWICH,1453,1453,0,1397,1397,0,4.00859
12/04/2019 14:41,201902,201802,Other Reporting Airports,MANCHESTER,SOUTHAMPTON,13723,13723,0,16112,16112,0,-14.82746
12/04/2019 14:41,201902,201802,Other Reporting Airports,NEWCASTLE,SOUTHAMPTON,8552,8552,0,8876,8876,0,-3.65029
12/04/2019 14:41,201902,201802,Other Reporting Airports,OBAN (NORTH CONNEL),TIREE,27,27,0,42,42,0,-35.71429
12/04/2019 14:41,201902,201802,Other Reporting Airports,PRESTWICK,SOUTHAMPTON,67,67,0,0,0,0,0
12/04/2019 14:41,201902,201802,Other Reporting Airports,PRESTWICK,SUMBURGH,0,0,0,43,0,43,-100
12/04/2019 14:41,201902,201802,London Area Airports,SOUTHEND,EDINBURGH,40,40,0,0,0,0,0
12/04/2019 14:41,201902,201802,London Area Airports,SOUTHEND,GLASGOW,0,0,0,2390,2390,0,-100
12/04/2019 14:41,201902,201802,London Area Airports,SOUTHEND,MANCHESTER,0,0,0,3603,3603,0,-100
12/04/2019 14:41,201902,201802,London Area Airports,SOUTHEND,STANSTED,2,2,0,0,0,0,0
12/04/2019 14:41,201902,201802,London Area Airports,STANSTED,BELFAST INTERNATIONAL,59358,59358,0,31924,31924,0,85.93535
12/04/2019 14:41,201902,201802,London Area Airports,STANSTED,BIRMINGHAM,0,0,0,161,161,0,-100
12/04/2019 14:41,201902,201802,London Area Airports,STANSTED,CITY OF DERRY (EGLINTON),1874,1874,0,3638,3638,0,-48.48818
12/04/2019 14:41,201902,201802,London Area Airports,STANSTED,DUNDEE,1503,1503,0,1414,1414,0,6.2942
12/04/2019 14:41,201902,201802,London Area Airports,STANSTED,EDINBURGH,70997,70997,0,29387,29387,0,141.59322
12/04/2019 14:41,201902,201802,London Area Airports,STANSTED,GLASGOW,22456,22456,0,21060,21060,0,6.62868
12/04/2019 14:41,201902,201802,London Area Airports,STANSTED,GUERNSEY,1236,1236,0,1308,1308,0,-5.50459

