Exporter M.49,Exporter ISO3,Exporter,Exporter region,Year,Value (1000USD),Weight (1000kg)
4,AFG,Afghanistan,South Asia,2013,695094.4644,1337700.847
8,ALB,Albania,Europe,2013,1504790.479,4201943.539
10,ATA,Antarctica,Other,2013,19576.654,21994.022
12,DZA,Algeria,Middle East and North Africa,2013,72578980.94,101860398.3
16,ASM,American Samoa,Oceania,2013,20125.617,17273.221
20,AND,Andorra,Europe,2013,239256.8929,372152.1988
24,AGO,Angola,Sub-Saharan Africa,2013,72924739.7,91400175.72
28,ATG,Antigua and Barbuda,Caribbean and Central America,2013,162472.9895,194737.3385
31,AZE,Azerbaijan,Central and Northern Asia,2013,29595262.14,37466418.13
32,ARG,Argentina,South America,2013,53753409.02,84519876.79
36,AUS,Australia,Oceania,2013,245239165.1,1125054195
40,AUT,Austria,Europe,2013,31286577.64,37303876.97
44,BHS,Bahamas,Caribbean and Central America,2013,1445927.446,3806181.09
48,BHR,Bahrain,Middle East and North Africa,2013,20030353.79,20782635.9
50,BGD,Bangladesh,South Asia,2013,2922625.977,2590730.237
51,ARM,Armenia,Central and Northern Asia,2013,945988.2421,542692.4406
52,BRB,Barbados,Caribbean and Central America,2013,161357.419,426927.8071
56,BEL,Belgium,Europe,2013,150402557.6,167019595.8
60,BMU,Bermuda,Caribbean and Central America,2013,282965.6258,339546.9468
64,BTN,Bhutan,South Asia,2013,123483.984,150110.564
68,BOL,Bolivia,South America,2013,11965336.09,18454785.37
70,BIH,Bosnia Herzegovina,Europe,2013,2153405.696,6017014.809
72,BWA,Botswana,Sub-Saharan Africa,2013,7220925.395,848364.1811
74,BVT,Bouvet Island,Oceania,2013,374.192,54.441
76,BRA,Brazil,South America,2013,175090995,518732229.8
84,BLZ,Belize,Caribbean and Central America,2013,418558.5099,634517.0083
86,IOT,British Indian Ocean Territory,Oceania,2013,4328.605,2325.201
90,SLB,Solomon Isds,Oceania,2013,870700.6027,2532456.802
92,VGB,British Virgin Isds,Caribbean and Central America,2013,275788.642,139979.71
96,BRN,Brunei Darussalam,Southeast Asia,2013,11361996.08,13167533.93
100,BGR,Bulgaria,Europe,2013,14874070.27,20289325.37
104,MMR,Myanmar,Southeast Asia,2013,9683118.405,21139827.7
108,BDI,Burundi,Sub-Saharan Africa,2013,249084.6728,54970.2767
112,BLR,Belarus,Central and Northern Asia,2013,19570033.44,34659556.74
116,KHM,Cambodia,Southeast Asia,2013,1358880.68,7092263.326
120,CMR,Cameroon,Sub-Saharan Africa,2013,5411492.583,5640419.02
124,CAN,Canada,North America,2013,246075195.5,292284260
132,CPV,Cabo Verde,Sub-Saharan Africa,2013,65434.13962,42094.46125
136,CYM,Cayman Isds,Caribbean and Central America,2013,1357.064,2264.378
140,CAF,Central African Rep.,Sub-Saharan Africa,2013,112581.1888,134408.2335
144,LKA,Sri Lanka,South Asia,2013,3437017.044,1601895.534
148,TCD,Chad,Sub-Saharan Africa,2013,3176621.823,4049490.225
152,CHL,Chile,South America,2013,70369553.46,52323751.41
156,CHN,China,China,2013,183755642.8,929487245.6
162,CXR,Christmas Isds,Oceania,2013,26431.784,161463.578
166,CCK,Cocos Isds,Oceania,2013,82.05,154.186
170,COL,Colombia,South America,2013,55698706.37,145716888.5
174,COM,Comoros,Sub-Saharan Africa,2013,33390.71911,6255.516805
175,MYT,Mayotte,Sub-Saharan Africa,2013,18902.36,6463.879
178,COG,"Congo, Rep.",Sub-Saharan Africa,2013,11271286.5,12828201.39
180,COD,"Congo, Dem. Rep.",Sub-Saharan Africa,2013,7243458.826,2930575.144
184,COK,Cook Isds,Oceania,2013,15822.201,3585.924
188,CRI,Costa Rica,Caribbean and Central America,2013,5226958.534,6930962.483
191,HRV,Croatia,Europe,2013,4243061.275,11038361.57
192,CUB,Cuba,Caribbean and Central America,2013,1598701.984,1911548.37
196,CYP,Cyprus,Europe,2013,2996354.206,4594830.011
203,CZE,Czech Rep.,Europe,2013,18645307.58,40985862.65
204,BEN,Benin,Sub-Saharan Africa,2013,1172080.168,1159110.501
208,DNK,Denmark,Europe,2013,30569459.4,27515670.75
212,DMA,Dominica,Caribbean and Central America,2013,25458.066,320830.773
214,DOM,Dominican Rep.,Caribbean and Central America,2013,3627147.927,5351553.544
218,ECU,Ecuador,South America,2013,24512183.43,29304843.1
222,SLV,El Salvador,Caribbean and Central America,2013,1230567.24,1513024.497
226,GNQ,Equatorial Guinea,Sub-Saharan Africa,2013,13879450.54,16699635.34
231,ETH,Ethiopia,Sub-Saharan Africa,2013,3607192.27,1905929.686
232,ERI,Eritrea,Sub-Saharan Africa,2013,311614.708,37891.932
233,EST,Estonia,Europe,2013,5008495.747,11348221.12
234,FRO,Faeroe Isds,Europe,2013,1262247.166,377067.073
238,FLK,Falkland Isds (Malvinas),South America,2013,185884.609,64959.655
239,SGS,South Georgia and the South Sandwich Isds,Other,2013,354.55,151.559
242,FJI,Fiji,Oceania,2013,591880.9803,1235902.091
246,FIN,Finland,Europe,2013,28089199.21,28746264.35
251,FRA,France,Europe,2013,107922397.3,136159720.2
258,PYF,French Polynesia,Oceania,2013,164643.8069,19954.96054
260,ATF,French Southern Territories,Other,2013,4847.196,704.61
262,DJI,Djibouti,Sub-Saharan Africa,2013,127519.535,258085.945
266,GAB,Gabon,Sub-Saharan Africa,2013,10617576.46,15639501.81
268,GEO,Georgia,Central and Northern Asia,2013,1737115.065,2563165.445
270,GMB,Gambia,Sub-Saharan Africa,2013,124838.1721,289111.7779
275,PSE,State of Palestine,Middle East and North Africa,2013,407184.8576,612909.0702
276,DEU,Germany,Europe,2013,186154986.6,226067279.9
288,GHA,Ghana,Sub-Saharan Africa,2013,11355666.11,9835991.17
292,GIB,Gibraltar,Europe,2013,455282.985,590100.318
296,KIR,Kiribati,Oceania,2013,85589.21652,40222.19067
300,GRC,Greece,Europe,2013,23374090.03,31923490.79
304,GRL,Greenland,North America,2013,625445.5913,223815.5719
308,GRD,Grenada,Caribbean and Central America,2013,40281.932,11420.097
316,GUM,Guam,Oceania,2013,62118.191,68922.815
320,GTM,Guatemala,Caribbean and Central America,2013,6790557.169,9215630.689
324,GIN,Guinea,Sub-Saharan Africa,2013,2236642.515,18465208.3
328,GUY,Guyana,South America,2013,1564377.597,2859346.68
332,HTI,Haiti,Caribbean and Central America,2013,86610.109,101288.629
334,HMD,Heard Island and McDonald Isds,Other,2013,8536.151,9066.518
336,VAT,Holy See,Europe,2013,73.909,150.633
340,HND,Honduras,Caribbean and Central America,2013,3076563.808,5007321.175
344,HKG,"China, Hong Kong SAR",China,2013,91359866.47,6306152.524
348,HUN,Hungary,Europe,2013,14449922.21,22022262.32
352,ISL,Iceland,Europe,2013,4905096.339,2327131.433
360,IDN,Indonesia,Southeast Asia,2013,126785068.9,649070765.1
364,IRN,Iran,Middle East and North Africa,2013,50253165.15,94070267.42
368,IRQ,Iraq,Middle East and North Africa,2013,90249645.25,117634472.5
372,IRL,Ireland,Europe,2013,11997833.31,10953156.98
376,ISR,Israel,Middle East and North Africa,2013,22895751.86,14796486.91
381,ITA,Italy,Europe,2013,84323621.23,74678509.44
384,CIV,Cote d'Ivoire,Sub-Saharan Africa,2013,10802986.84,8008449.145
388,JAM,Jamaica,Caribbean and Central America,2013,745248.0051,5989648.499
392,JPN,Japan,East Asia excluding China,2013,86297296.37,107569802.8
398,KAZ,Kazakhstan,Central and Northern Asia,2013,73364864.54,158351281
400,JOR,Jordan,Middle East and North Africa,2013,2955869.445,8544794.714
404,KEN,Kenya,Sub-Saharan Africa,2013,3859103.936,2853070.903
408,PRK,"Korea, Dem. Rep.",East Asia excluding China,2013,2493929.096,21031920.33
410,KOR,"Korea, Rep.",East Asia excluding China,2013,100983396,102412134.3
414,KWT,Kuwait,Middle East and North Africa,2013,208450051.2,264855588.8
417,KGZ,Kyrgyzstan,Central and Northern Asia,2013,1268812.39,1399612.598
418,LAO,Lao PDR,Southeast Asia,2013,2807556.703,3255056.446
422,LBN,Lebanon,Middle East and North Africa,2013,2300950.947,2461067.823
426,LSO,Lesotho,Sub-Saharan Africa,2013,69970.485,134554.925
428,LVA,Latvia,Europe,2013,6354349.481,16696535.48
430,LBR,Liberia,Sub-Saharan Africa,2013,909453.033,4801786.399
434,LBY,Libya,Middle East and North Africa,2013,42499792.02,51934740.73
440,LTU,Lithuania,Europe,2013,13992350.01,21102777.69
442,LUX,Luxembourg,Europe,2013,6506133.875,7204136.438
446,MAC,"China, Macao SAR",China,2013,315203.839,286887.95
450,MDG,Madagascar,Sub-Saharan Africa,2013,1353809.144,1031696.162
454,MWI,Malawi,Sub-Saharan Africa,2013,1247483.008,716438.709
458,MYS,Malaysia,Southeast Asia,2013,98754563.93,137602709.2
462,MDV,Maldives,South Asia,2013,182985.9381,61432.05754
466,MLI,Mali,Sub-Saharan Africa,2013,2987949,509472.031
470,MLT,Malta,Europe,2013,3473372.117,4573338.413
473,,"Latin American Integration Association, nes",South America,2013,813.849,336.498
478,MRT,Mauritania,Sub-Saharan Africa,2013,4417450.392,26703974.22
480,MUS,Mauritius,Sub-Saharan Africa,2013,848356.5331,799370.6445
484,MEX,Mexico,North America,2013,90593853.68,123783446.7
490,,"Other Asia, nes",East Asia excluding China,2013,42546535.93,42171930.17
496,MNG,Mongolia,Central and Northern Asia,2013,4502525.656,26853201.3
498,MDA,Moldova,Europe,2013,1014399.852,2196146.079
499,MNE,Montenegro,Europe,2013,346271.5664,642813.4729
500,MSR,Montserrat,Caribbean and Central America,2013,1362.527118,55034.72611
504,MAR,Morocco,Middle East and North Africa,2013,11081562.73,24987205.02
508,MOZ,Mozambique,Sub-Saharan Africa,2013,6610287.318,33994028.83
512,OMN,Oman,Middle East and North Africa,2013,48796090.13,80197763.99
516,NAM,Namibia,Sub-Saharan Africa,2013,4471694.017,2579039.332
520,NRU,Nauru,Oceania,2013,62829.115,339670.025
524,NPL,Nepal,South Asia,2013,265617.792,296176.2856
527,,"Oceania, nes",Oceania,2013,2991.704,252.708
528,NLD,Netherlands,Europe,2013,232512472.6,273864443
531,CUW,Curacao,Caribbean and Central America,2013,3898521.983,3975342.366
533,ABW,Aruba,Caribbean and Central America,2013,528832.646,625760.9781
534,SXM,Sint Maarten (Dutch part),Caribbean and Central America,2013,3565.467,3618.75
535,BES,Bonaire,Caribbean and Central America,2013,2078.693,52197.142
540,NCL,New Caledonia,Oceania,2013,1264830.076,6344411.29
548,VUT,Vanuatu,Oceania,2013,299701.18,204158.303
554,NZL,New Zealand,Oceania,2013,29152293.29,30499290.67
558,NIC,Nicaragua,Caribbean and Central America,2013,2721222.252,1782448.395
562,NER,Niger,Sub-Saharan Africa,2013,703884.5581,568204.791
566,NGA,Nigeria,Sub-Saharan Africa,2013,104141377.3,117409787.6
568,,"Other Europe, nes",Europe,2013,5304225.957,7478856.895
570,NIU,Niue,Oceania,2013,177.344,48.034
574,NFK,Norfolk Isds,Oceania,2013,621.683,282.465
577,,"Other Africa, nes",Sub-Saharan Africa,2013,2114.018,2162.467
579,NOR,Norway,Europe,2013,127659612.9,192475012.6
580,MNP,N. Mariana Isds,Oceania,2013,652.108,1931.833
581,UMI,United States Minor Outlying Isds,Oceania,2013,5489.6,376.898
583,FSM,Micronesia,Oceania,2013,61141.305,31591.303
584,MHL,Marshall Isds,Oceania,2013,211805.943,122892.818
585,PLW,Palau,Oceania,2013,15488.511,2984.938
586,PAK,Pakistan,South Asia,2013,11057293.4,26146951.71
591,PAN,Panama,Caribbean and Central America,2013,2750819.912,2654022.167
598,PNG,Papua New Guinea,Oceania,2013,6150253.009,5599484.511
600,PRY,Paraguay,South America,2013,6852135.632,12580452.25
604,PER,Peru,South America,2013,40101480.37,34845854.21
608,PHL,Philippines,Southeast Asia,2013,14137544.34,68625852.19
612,PCN,Pitcairn,Oceania,2013,145.322,290.578
616,POL,Poland,Europe,2013,43083129.86,62383414.78
620,PRT,Portugal,Europe,2013,16762097.49,25229997.99
624,GNB,Guinea-Bissau,Sub-Saharan Africa,2013,280372.581,307142.022
626,TLS,Timor-Leste,Southeast Asia,2013,568672.808,642055.6399
634,QAT,Qatar,Middle East and North Africa,2013,135782638.3,171131800
637,,"North America and Central America, nes",Other,2013,2257.432,112.022
642,ROU,Romania,Europe,2013,16306400.55,31020656.2
643,RUS,Russian Federation,Central and Northern Asia,2013,516390690.4,933741190.4
646,RWA,Rwanda,Sub-Saharan Africa,2013,765784.3774,271228.5973
652,BLM,Saint-Barthelemy,Caribbean and Central America,2013,152.207,533.252
654,SHN,Saint Helena,Sub-Saharan Africa,2013,12681.899,1351.969
659,KNA,Saint Kitts and Nevis,Caribbean and Central America,2013,1413.612518,761.2766235
660,AIA,Anguilla,Caribbean and Central America,2013,1074.897,5028.676
662,LCA,Saint Lucia,Caribbean and Central America,2013,129994.9814,209133.2453
666,SPM,Saint Pierre and Miquelon,North America,2013,4151.334,4046.774
670,VCT,Saint Vincent and the Grenadines,Caribbean and Central America,2013,31818.51256,79157.58138
674,SMR,San Marino,Europe,2013,7795.98,1553.904
678,STP,Sao Tome and Principe,Sub-Saharan Africa,2013,8098.239047,4086.639692
682,SAU,Saudi Arabia,Middle East and North Africa,2013,554132168,702803822
686,SEN,Senegal,Sub-Saharan Africa,2013,2126046.944,3949808.734
688,SRB,Serbia,Europe,2013,4371745.667,9004442.588
690,SYC,Seychelles,Sub-Saharan Africa,2013,328850.9053,521171.2767
694,SLE,Sierra Leone,Sub-Saharan Africa,2013,1664524.556,12860687.58
699,IND,India,South Asia,2013,162840246.4,176060974.6
702,SGP,Singapore,Southeast Asia,2013,81698586.61,84162802.96
703,SVK,Slovakia,Europe,2013,14897566.17,24670169.33
704,VNM,Vietnam,Southeast Asia,2013,36596454.86,68758554.45
705,SVN,Slovenia,Europe,2013,5653625.728,8144656.398
706,SOM,Somalia,Sub-Saharan Africa,2013,618761.418,237492.988
710,ZAF,South Africa,Sub-Saharan Africa,2013,74946145.04,212014687.2
716,ZWE,Zimbabwe,Sub-Saharan Africa,2013,2908786.931,1945993.953
724,ESP,Spain,Europe,2013,87260119.24,95579812.08
728,SSD,South Sudan,Sub-Saharan Africa,2013,2470440.653,3492176.347
729,SDN,Sudan,Sub-Saharan Africa,2013,5964185.76,4377850.599
732,ESH,Western Sahara,Middle East and North Africa,2013,588.837,101.904
740,SUR,Suriname,South America,2013,1887925.058,770886.9423
748,SWZ,Swaziland,Sub-Saharan Africa,2013,800060.185,2624865.776
752,SWE,Sweden,Europe,2013,41132466.83,64451007.81
757,CHE,Switzerland,Europe,2013,143476470.8,16568233.64
760,SYR,Syria,Middle East and North Africa,2013,951167.534,1747711.251
762,TJK,Tajikistan,Central and Northern Asia,2013,842137.355,562636.134
764,THA,Thailand,Southeast Asia,2013,56702956.72,70634164.46
768,TGO,Togo,Sub-Saharan Africa,2013,2092557.194,5773667.811
772,TKL,Tokelau,Oceania,2013,20986.952,11276.738
776,TON,Tonga,Oceania,2013,11779.32501,12411.95351
780,TTO,Trinidad and Tobago,Caribbean and Central America,2013,16891140.85,26365857.45
784,ARE,United Arab Emirates,Middle East and North Africa,2013,222373506.6,295940546
788,TUN,Tunisia,Middle East and North Africa,2013,6353276.479,10038249.11
792,TUR,Turkey,Europe,2013,44768367.68,71490265.13
795,TKM,Turkmenistan,Central and Northern Asia,2013,10973334.75,20877320.25
796,TCA,Turks and Caicos Isds,Caribbean and Central America,2013,15049.626,16786.037
798,TUV,Tuvalu,Oceania,2013,24020.877,9801.714
800,UGA,Uganda,Sub-Saharan Africa,2013,1892101.068,2026546.718
804,UKR,Ukraine,Central and Northern Asia,2013,44599617.73,189519567.5
807,MKD,"Macedonia, FYR",Europe,2013,1516370.894,1780123.911
818,EGY,Egypt,Middle East and North Africa,2013,23915083.07,40327834.54
826,GBR,United Kingdom,Europe,2013,161911549.3,123791525.6
834,TZA,Tanzania,Sub-Saharan Africa,2013,5008057.307,2690979.631
837,,Bunkers,Other,2013,1218.62,999.424
838,,Free Zones,Other,2013,2055304.983,1768590.596
839,,Special Categories,Other,2013,50487039.68,97387454.36
842,USA,United States,North America,2013,392020948.4,612679185.8
854,BFA,Burkina Faso,Sub-Saharan Africa,2013,2328768.488,1153385.253
858,URY,Uruguay,South America,2013,9248148.82,14588186.44
860,UZB,Uzbekistan,Central and Northern Asia,2013,6084596.883,6513930.126
862,VEN,Venezuela,South America,2013,151381216,214859664.3
876,WLF,Wallis and Futuna Isds,Oceania,2013,113.735,35
882,WSM,Samoa,Oceania,2013,16763.0551,14715.43229
887,YEM,Yemen,Middle East and North Africa,2013,9695774.867,14362620.34
894,ZMB,Zambia,Sub-Saharan Africa,2013,12289821.71,3224321.167
899,,"Areas, nes",Other,2013,27022509.32,103400773.9
4,AFG,Afghanistan,South Asia,2014,800447.0098,2081418.718
8,ALB,Albania,Europe,2014,1135308.225,3178440.365
10,ATA,Antarctica,Other,2014,4461.136,12387.676
12,DZA,Algeria,Middle East and North Africa,2014,65427637.58,91726674.74
16,ASM,American Samoa,Oceania,2014,40375.205,30639.798
20,AND,Andorra,Europe,2014,336709.5335,531179.1795
24,AGO,Angola,Sub-Saharan Africa,2014,65590663.19,87630832.99
28,ATG,Antigua and Barbuda,Caribbean and Central America,2014,88987.93927,139191.7565
31,AZE,Azerbaijan,Central and Northern Asia,2014,24956535.02,33055046.06
32,ARG,Argentina,South America,2014,48510939.81,76712452.1
36,AUS,Australia,Oceania,2014,243914549,1331875939
40,AUT,Austria,Europe,2014,30394569.31,38084451.04
44,BHS,Bahamas,Caribbean and Central America,2014,1828899.398,2907147.126
48,BHR,Bahrain,Middle East and North Africa,2014,18192653.15,25716523.78
50,BGD,Bangladesh,South Asia,2014,2307576.398,2112230.745
51,ARM,Armenia,Central and Northern Asia,2014,1046870.957,501844.4105
52,BRB,Barbados,Caribbean and Central America,2014,219401.1923,456980.2896
56,BEL,Belgium,Europe,2014,133623464.9,144346065.7
60,BMU,Bermuda,Caribbean and Central America,2014,22027.1,25185.175
64,BTN,Bhutan,South Asia,2014,134836.122,250056.473
68,BOL,Bolivia,South America,2014,12605998.07,18581028.95
70,BIH,Bosnia Herzegovina,Europe,2014,2101737.568,5769085.549
72,BWA,Botswana,Sub-Saharan Africa,2014,6934112.886,920088.3232
74,BVT,Bouvet Island,Oceania,2014,1087.822,178.051
76,BRA,Brazil,South America,2014,172076907.9,533261185.6
84,BLZ,Belize,Caribbean and Central America,2014,377253.3889,565304.1227
86,IOT,British Indian Ocean Territory,Oceania,2014,1496.278,545.686
90,SLB,Solomon Isds,Oceania,2014,629547.7974,2087460.194
92,VGB,British Virgin Isds,Caribbean and Central America,2014,122712.05,80292.661
96,BRN,Brunei Darussalam,Southeast Asia,2014,10144637.47,12185575.25
100,BGR,Bulgaria,Europe,2014,13857638.6,20086602.94
104,MMR,Myanmar,Southeast Asia,2014,11255747.74,20937257.6
108,BDI,Burundi,Sub-Saharan Africa,2014,252756.6595,59202.14938
112,BLR,Belarus,Central and Northern Asia,2014,20580180.32,42979312.66
116,KHM,Cambodia,Southeast Asia,2014,1602890.849,10880512
120,CMR,Cameroon,Sub-Saharan Africa,2014,5906829.416,6403775.488
124,CAN,Canada,North America,2014,252170250.1,397490742.4
132,CPV,Cabo Verde,Sub-Saharan Africa,2014,61419.34926,49498.20754
136,CYM,Cayman Isds,Caribbean and Central America,2014,26555.382,24328.865
140,CAF,Central African Rep.,Sub-Saharan Africa,2014,69801.11819,110751.2668
144,LKA,Sri Lanka,South Asia,2014,3663581.338,2050147.848
148,TCD,Chad,Sub-Saharan Africa,2014,3167505.083,3464447.014
152,CHL,Chile,South America,2014,68386018.35,53827555.7
156,CHN,China,China,2014,203200879.1,795221868.6
162,CXR,Christmas Isds,Oceania,2014,30619.755,206173.195
166,CCK,Cocos Isds,Oceania,2014,124.46,116.87
170,COL,Colombia,South America,2014,53365887.95,145988773.6
174,COM,Comoros,Sub-Saharan Africa,2014,45839.995,21236.568
178,COG,"Congo, Rep.",Sub-Saharan Africa,2014,9717517.448,10673095.56
180,COD,"Congo, Dem. Rep.",Sub-Saharan Africa,2014,7773073.112,2936874.6
184,COK,Cook Isds,Oceania,2014,23652.945,5698.537
188,CRI,Costa Rica,Caribbean and Central America,2014,5328848.233,7057429.755
191,HRV,Croatia,Europe,2014,5597427.563,13056857.02
192,CUB,Cuba,Caribbean and Central America,2014,1268521.944,1581764.766
196,CYP,Cyprus,Europe,2014,1370499.119,3127924.783
203,CZE,Czech Rep.,Europe,2014,18478326.34,42061805.43
204,BEN,Benin,Sub-Saharan Africa,2014,1503855.994,1573065.623
208,DNK,Denmark,Europe,2014,27841350.33,27495456.99
212,DMA,Dominica,Caribbean and Central America,2014,43130.603,256888.623
214,DOM,Dominican Rep.,Caribbean and Central America,2014,4648166.715,6792712.119
218,ECU,Ecuador,South America,2014,25478500.95,29513052.46
222,SLV,El Salvador,Caribbean and Central America,2014,974189.012,1448025.288
226,GNQ,Equatorial Guinea,Sub-Saharan Africa,2014,12431059.28,15646447.51
231,ETH,Ethiopia,Sub-Saharan Africa,2014,4205542.393,2012446.836
232,ERI,Eritrea,Sub-Saharan Africa,2014,573408.657,246222.751
233,EST,Estonia,Europe,2014,5988779.819,13330937.35
234,FRO,Faeroe Isds,Europe,2014,1284836.83,382691.461
238,FLK,Falkland Isds (Malvinas),South America,2014,200257.579,63142.571
239,SGS,South Georgia and the South Sandwich Isds,Other,2014,35.107,21.667
242,FJI,Fiji,Oceania,2014,703296.4338,1710993.288
246,FIN,Finland,Europe,2014,27318908.15,29656317.75
251,FRA,France,Europe,2014,101500457.6,135990865.8
258,PYF,French Polynesia,Oceania,2014,180402.4136,42221.1705
260,ATF,French Southern Territories,Other,2014,6108.012,704.098
262,DJI,Djibouti,Sub-Saharan Africa,2014,124029.717,254570.827
266,GAB,Gabon,Sub-Saharan Africa,2014,10469541.4,15980897.23
268,GEO,Georgia,Central and Northern Asia,2014,1838861.388,2340807.297
270,GMB,Gambia,Sub-Saharan Africa,2014,105317.7901,238274.6181
275,PSE,State of Palestine,Middle East and North Africa,2014,426134.5733,578287.6572
276,DEU,Germany,Europe,2014,175587800.1,224135896.6
288,GHA,Ghana,Sub-Saharan Africa,2014,12317832.87,8934522.603
292,GIB,Gibraltar,Europe,2014,800871.645,1175131.555
296,KIR,Kiribati,Oceania,2014,82139.28223,50234.64608
300,GRC,Greece,Europe,2014,22079340.83,33371073.77
304,GRL,Greenland,North America,2014,696036.4404,269426.51
308,GRD,Grenada,Caribbean and Central America,2014,26969.993,14911.441
316,GUM,Guam,Oceania,2014,12308.013,4323.053
320,GTM,Guatemala,Caribbean and Central America,2014,7276011.005,11822263.37
324,GIN,Guinea,Sub-Saharan Africa,2014,2948379.645,18936544.4
328,GUY,Guyana,South America,2014,1290319.218,2579045.816
332,HTI,Haiti,Caribbean and Central America,2014,89103.954,77165.963
334,HMD,Heard Island and McDonald Isds,Other,2014,470.873,312.272
336,VAT,Holy See,Europe,2014,490.795,517.514
340,HND,Honduras,Caribbean and Central America,2014,3275576.486,5740903.835
344,HKG,"China, Hong Kong SAR",China,2014,68206830.8,6129636.086
348,HUN,Hungary,Europe,2014,13256096.91,22050989.49
352,ISL,Iceland,Europe,2014,4859601.132,2244184.241
360,IDN,Indonesia,Southeast Asia,2014,114773449.1,524707203.8
364,IRN,Iran,Middle East and North Africa,2014,51384159.41,99353464.99
368,IRQ,Iraq,Middle East and North Africa,2014,170843948.8,220995974.9
372,IRL,Ireland,Europe,2014,12773938.9,11924918.01
376,ISR,Israel,Middle East and North Africa,2014,28877416.62,16223408.86
381,ITA,Italy,Europe,2014,79349312.61,67560997.77
384,CIV,Cote d'Ivoire,Sub-Saharan Africa,2014,12049069.59,8359761.095
388,JAM,Jamaica,Caribbean and Central America,2014,545335.2223,2029210.455
392,JPN,Japan,East Asia excluding China,2014,80287181.42,104435363.9
398,KAZ,Kazakhstan,Central and Northern Asia,2014,70156792.77,156978384.2
400,JOR,Jordan,Middle East and North Africa,2014,3730050.69,10644458.33
404,KEN,Kenya,Sub-Saharan Africa,2014,4265768.228,3065503.641
408,PRK,"Korea, Dem. Rep.",East Asia excluding China,2014,2136988.676,19444909.44
410,KOR,"Korea, Rep.",East Asia excluding China,2014,110190895.9,106435968.2
414,KWT,Kuwait,Middle East and North Africa,2014,187960317.6,259227950.2
417,KGZ,Kyrgyzstan,Central and Northern Asia,2014,939832.26,530402.751
418,LAO,Lao PDR,Southeast Asia,2014,3362472.965,3367945.793
422,LBN,Lebanon,Middle East and North Africa,2014,1663535.467,2248411.361
426,LSO,Lesotho,Sub-Saharan Africa,2014,64931.047,129529.537
428,LVA,Latvia,Europe,2014,7023009.823,18378734.22
430,LBR,Liberia,Sub-Saharan Africa,2014,789402.4,5352921.706
434,LBY,Libya,Middle East and North Africa,2014,20670080.8,27610188.03
440,LTU,Lithuania,Europe,2014,12964779.73,21660827.72
442,LUX,Luxembourg,Europe,2014,6968631.48,8236967.641
446,MAC,"China, Macao SAR",China,2014,141058.4044,186043.5979
450,MDG,Madagascar,Sub-Saharan Africa,2014,1800580.925,996008.6529
454,MWI,Malawi,Sub-Saharan Africa,2014,1281933.594,735914.9135
458,MYS,Malaysia,Southeast Asia,2014,96244500.63,137809964.3
462,MDV,Maldives,South Asia,2014,154762.3766,57036.53366
466,MLI,Mali,Sub-Saharan Africa,2014,3206476.926,415885.585
470,MLT,Malta,Europe,2014,2878696.015,4144262.387
473,,"Latin American Integration Association, nes",South America,2014,2505.383,524.643
478,MRT,Mauritania,Sub-Saharan Africa,2014,3369287.921,21133321.03
480,MUS,Mauritius,Sub-Saharan Africa,2014,807204.5954,941358.7682
484,MEX,Mexico,North America,2014,84242786.51,107516073.8
490,,"Other Asia, nes",East Asia excluding China,2014,39294810.88,30511305.65
496,MNG,Mongolia,Central and Northern Asia,2014,5813543.014,29020529.06
498,MDA,Moldova,Europe,2014,1308324.777,3025103.381
499,MNE,Montenegro,Europe,2014,405332.7715,750935.9762
500,MSR,Montserrat,Caribbean and Central America,2014,1974.704385,371224.0875
504,MAR,Morocco,Middle East and North Africa,2014,10887259.28,25293953.8
508,MOZ,Mozambique,Sub-Saharan Africa,2014,7420553.119,18119490.4
512,OMN,Oman,Middle East and North Africa,2014,48555916.72,71433698.57
516,NAM,Namibia,Sub-Saharan Africa,2014,4734646.101,2847538.112
520,NRU,Nauru,Oceania,2014,26592.456,153112.667
524,NPL,Nepal,South Asia,2014,307797.2963,792264.4635
527,,"Oceania, nes",Oceania,2014,3402.99,208.141
528,NLD,Netherlands,Europe,2014,210317911.4,255708497.4
531,CUW,Curacao,Caribbean and Central America,2014,2566694.199,2101837.946
533,ABW,Aruba,Caribbean and Central America,2014,502409.5074,712373.8483
534,SXM,Sint Maarten (Dutch part),Caribbean and Central America,2014,2027.901,9976.724
535,BES,Bonaire,Caribbean and Central America,2014,72197.783,197165.143
540,NCL,New Caledonia,Oceania,2014,1641674.572,7716929.619
548,VUT,Vanuatu,Oceania,2014,168502.257,87320.864
554,NZL,New Zealand,Oceania,2014,31297353.1,30698310.29
558,NIC,Nicaragua,Caribbean and Central America,2014,2789173.535,1876196.721
562,NER,Niger,Sub-Saharan Africa,2014,753029.2749,484408.0896
566,NGA,Nigeria,Sub-Saharan Africa,2014,105406832,127850068.8
568,,"Other Europe, nes",Europe,2014,3079666.676,4100820.487
570,NIU,Niue,Oceania,2014,763.357,244.303
574,NFK,Norfolk Isds,Oceania,2014,552.71,1055.653
577,,"Other Africa, nes",Sub-Saharan Africa,2014,1675.085,2797.27
579,NOR,Norway,Europe,2014,126040611,211613403.7
580,MNP,N. Mariana Isds,Oceania,2014,413.052,188.952
581,UMI,United States Minor Outlying Isds,Oceania,2014,4954.395,550.83
583,FSM,Micronesia,Oceania,2014,33447.652,16038.623
584,MHL,Marshall Isds,Oceania,2014,153954.541,105872.647
585,PLW,Palau,Oceania,2014,14570.97649,2925.135774
586,PAK,Pakistan,South Asia,2014,10493464.41,23882063.86
591,PAN,Panama,Caribbean and Central America,2014,2621639.691,2675273.419
598,PNG,Papua New Guinea,Oceania,2014,9261133.621,9514191.888
600,PRY,Paraguay,South America,2014,7080589.183,12275546.35
604,PER,Peru,South America,2014,35804280.5,35096010.51
608,PHL,Philippines,Southeast Asia,2014,15066394.59,71150899.31
612,PCN,Pitcairn,Oceania,2014,20.968,9.288
616,POL,Poland,Europe,2014,42109651.27,60700514.26
620,PRT,Portugal,Europe,2014,15745793.32,25491638.03
624,GNB,Guinea-Bissau,Sub-Saharan Africa,2014,260438.652,274569.298
626,TLS,Timor-Leste,Southeast Asia,2014,124746.262,125374.258
634,QAT,Qatar,Middle East and North Africa,2014,132109594.4,170135045.2
637,,"North America and Central America, nes",Other,2014,150.394,114.683
642,ROU,Romania,Europe,2014,17620280.5,32858784.21
643,RUS,Russian Federation,Central and Northern Asia,2014,475769731.4,896629068.6
646,RWA,Rwanda,Sub-Saharan Africa,2014,719255.3083,293755.696
652,BLM,Saint-Barthelemy,Caribbean and Central America,2014,2550.645,5174.664
654,SHN,Saint Helena,Sub-Saharan Africa,2014,12200.409,915.809
659,KNA,Saint Kitts and Nevis,Caribbean and Central America,2014,7773.274209,6740.711572
660,AIA,Anguilla,Caribbean and Central America,2014,1516.327,4590.094
662,LCA,Saint Lucia,Caribbean and Central America,2014,185051.3607,536808.9237
666,SPM,Saint Pierre and Miquelon,North America,2014,2366.266,729.552
670,VCT,Saint Vincent and the Grenadines,Caribbean and Central America,2014,30061.93519,37176.45238
674,SMR,San Marino,Europe,2014,6675.102,5110.063
678,STP,Sao Tome and Principe,Sub-Saharan Africa,2014,12711.03215,6672.777482
682,SAU,Saudi Arabia,Middle East and North Africa,2014,580417702.2,794008630.8
686,SEN,Senegal,Sub-Saharan Africa,2014,2232966.178,4468517.072
688,SRB,Serbia,Europe,2014,4597289.883,8199948.938
690,SYC,Seychelles,Sub-Saharan Africa,2014,386817.8454,686817.8733
694,SLE,Sierra Leone,Sub-Saharan Africa,2014,2171856.425,23452150.73
699,IND,India,South Asia,2014,144131847.4,164446100
702,SGP,Singapore,Southeast Asia,2014,81911867.8,86188303.42
703,SVK,Slovakia,Europe,2014,13681676.45,24512412.33
704,VNM,Vietnam,Southeast Asia,2014,39062913.28,64780271.7
705,SVN,Slovenia,Europe,2014,5651659.685,9324019.013
706,SOM,Somalia,Sub-Saharan Africa,2014,629893.975,239241.84
710,ZAF,South Africa,Sub-Saharan Africa,2014,68767082.85,223997144.1
716,ZWE,Zimbabwe,Sub-Saharan Africa,2014,2943884.113,2335834.941
724,ESP,Spain,Europe,2014,89653631.89,99872413.53
728,SSD,South Sudan,Sub-Saharan Africa,2014,4398263.199,6536525.041
729,SDN,Sudan,Sub-Saharan Africa,2014,5486644.528,4116406.169
732,ESH,Western Sahara,Middle East and North Africa,2014,3972.624,1666.096
740,SUR,Suriname,South America,2014,1742259.685,995288.377
748,SWZ,Swaziland,Sub-Saharan Africa,2014,779173.34,2099879.447
752,SWE,Sweden,Europe,2014,41470421.56,67256490.12
757,CHE,Switzerland,Europe,2014,88435687.22,17514817.43
760,SYR,Syria,Middle East and North Africa,2014,761265.723,1766723.257
762,TJK,Tajikistan,Central and Northern Asia,2014,682733.087,461748.254
764,THA,Thailand,Southeast Asia,2014,52408308.5,79766184.47
768,TGO,Togo,Sub-Saharan Africa,2014,1958144.752,3793837.893
772,TKL,Tokelau,Oceania,2014,1804.981,918.456
776,TON,Tonga,Oceania,2014,14717.79991,11993.81656
780,TTO,Trinidad and Tobago,Caribbean and Central America,2014,14288882.32,22770055.94
784,ARE,United Arab Emirates,Middle East and North Africa,2014,272447422.3,405839406.9
788,TUN,Tunisia,Middle East and North Africa,2014,5004349.183,8812810.659
792,TUR,Turkey,Europe,2014,42283402.44,69286267.34
795,TKM,Turkmenistan,Central and Northern Asia,2014,11441027.28,21419781.66
796,TCA,Turks and Caicos Isds,Caribbean and Central America,2014,11657.913,9592.699
798,TUV,Tuvalu,Oceania,2014,5154.077,2543.211
800,UGA,Uganda,Sub-Saharan Africa,2014,1803774.862,1766551.791
804,UKR,Ukraine,Central and Northern Asia,2014,43536889.52,170875322.9
807,MKD,"Macedonia, FYR",Europe,2014,1471993.887,1893937.954
818,EGY,Egypt,Middle East and North Africa,2014,19555678.37,33129509.45
826,GBR,United Kingdom,Europe,2014,126518973.3,123173392.4
834,TZA,Tanzania,Sub-Saharan Africa,2014,5952194.293,2914906.885
837,,Bunkers,Other,2014,210354.967,214808.815
838,,Free Zones,Other,2014,1998983.934,1504192.228
839,,Special Categories,Other,2014,42928404.53,96682830.07
842,USA,United States,North America,2014,397788753.2,547779224.8
854,BFA,Burkina Faso,Sub-Saharan Africa,2014,2616883.378,1531150.274
858,URY,Uruguay,South America,2014,9332161.214,16236695.62
860,UZB,Uzbekistan,Central and Northern Asia,2014,4868654.856,5152873.319
862,VEN,Venezuela,South America,2014,68618699.42,104579557.6
876,WLF,Wallis and Futuna Isds,Oceania,2014,186.772,43
882,WSM,Samoa,Oceania,2014,16244.4369,12579.11717
887,YEM,Yemen,Middle East and North Africa,2014,7696353.417,9321639.556
894,ZMB,Zambia,Sub-Saharan Africa,2014,13251388.41,3167106.624
899,,"Areas, nes",Other,2014,27889434.38,51173669.7
4,AFG,Afghanistan,South Asia,2015,823196.1986,1522178.04
8,ALB,Albania,Europe,2015,889018.6583,3586449.9
10,ATA,Antarctica,Other,2015,4980.896,812.647
12,DZA,Algeria,Middle East and North Africa,2015,39389398.13,90737114.93
16,ASM,American Samoa,Oceania,2015,16324.709,15907.794
20,AND,Andorra,Europe,2015,8079.179,109698.966
24,AGO,Angola,Sub-Saharan Africa,2015,38491153.72,93784688.58
28,ATG,Antigua and Barbuda,Caribbean and Central America,2015,68416.22218,149678.2101
31,AZE,Azerbaijan,Central and Northern Asia,2015,16587215.33,35774630.96
32,ARG,Argentina,South America,2015,42803800.87,85071395.7
36,AUS,Australia,Oceania,2015,189141505.2,1403178907
40,AUT,Austria,Europe,2015,25067422.81,37903580.21
44,BHS,Bahamas,Caribbean and Central America,2015,662443.1161,3329475.988
48,BHR,Bahrain,Middle East and North Africa,2015,11078206.59,24239028.29
50,BGD,Bangladesh,South Asia,2015,2349586.522,2442018.351
51,ARM,Armenia,Central and Northern Asia,2015,980540.7186,541495.4108
52,BRB,Barbados,Caribbean and Central America,2015,83502.40446,311374.5465
56,BEL,Belgium,Europe,2015,100835123.1,146373179.8
60,BMU,Bermuda,Caribbean and Central America,2015,37118.965,81428.498
64,BTN,Bhutan,South Asia,2015,166643.556,448283.166
68,BOL,Bolivia,South America,2015,8394011.75,18079067.05
70,BIH,Bosnia Herzegovina,Europe,2015,1746796.709,5534557.145
72,BWA,Botswana,Sub-Saharan Africa,2015,5363339.031,894884.6725
74,BVT,Bouvet Island,Oceania,2015,95.991,20.536
76,BRA,Brazil,South America,2015,141323567.9,605342599.2
84,BLZ,Belize,Caribbean and Central America,2015,400856.9933,746549.4761
86,IOT,British Indian Ocean Territory,Oceania,2015,5839.871,3310.019
90,SLB,Solomon Isds,Oceania,2015,501156.5455,1849700.597
92,VGB,British Virgin Isds,Caribbean and Central America,2015,164681.508,79946.851
96,BRN,Brunei Darussalam,Southeast Asia,2015,6170187.205,12564723.23
100,BGR,Bulgaria,Europe,2015,10766737.74,19836235.28
104,MMR,Myanmar,Southeast Asia,2015,13057400.71,25276005.39
108,BDI,Burundi,Sub-Saharan Africa,2015,130098.1809,61215.5645
112,BLR,Belarus,Central and Northern Asia,2015,15924408.59,47284666.65
116,KHM,Cambodia,Southeast Asia,2015,1799445.995,8570355.375
120,CMR,Cameroon,Sub-Saharan Africa,2015,4972118.842,7286491.425
124,CAN,Canada,North America,2015,192138400.9,411082791.1
132,CPV,Cabo Verde,Sub-Saharan Africa,2015,39310.11195,35075.63652
136,CYM,Cayman Isds,Caribbean and Central America,2015,107924.262,69182.603
140,CAF,Central African Rep.,Sub-Saharan Africa,2015,63176.26814,135115.2788
144,LKA,Sri Lanka,South Asia,2015,3237997.258,2090679.35
148,TCD,Chad,Sub-Saharan Africa,2015,2364178.696,5918403.537
152,CHL,Chile,South America,2015,57404841.15,57221998.37
156,CHN,China,China,2015,181745515.2,1183769186
162,CXR,Christmas Isds,Oceania,2015,30005.416,209082.599
166,CCK,Cocos Isds,Oceania,2015,127.758,210.399
170,COL,Colombia,South America,2015,34320467.1,149532084
174,COM,Comoros,Sub-Saharan Africa,2015,40576.143,47679.434
178,COG,"Congo, Rep.",Sub-Saharan Africa,2015,6463274.939,12296181.4
180,COD,"Congo, Dem. Rep.",Sub-Saharan Africa,2015,5613630.679,2385145.392
184,COK,Cook Isds,Oceania,2015,17139.548,4994.831
188,CRI,Costa Rica,Caribbean and Central America,2015,4808146.474,6622980.446
191,HRV,Croatia,Europe,2015,3631382.013,11933007.36
192,CUB,Cuba,Caribbean and Central America,2015,1008486.807,1686110.031
196,CYP,Cyprus,Europe,2015,1841391.141,4373556.236
203,CZE,Czech Rep.,Europe,2015,15917485.83,42308555.04
204,BEN,Benin,Sub-Saharan Africa,2015,972422.5472,1288588.794
208,DNK,Denmark,Europe,2015,22413350.54,28078338.64
212,DMA,Dominica,Caribbean and Central America,2015,54228.669,194797.293
214,DOM,Dominican Rep.,Caribbean and Central America,2015,3128598.435,5266856.815
218,ECU,Ecuador,South America,2015,17755009.5,31341392.79
222,SLV,El Salvador,Caribbean and Central America,2015,1004567.97,1603884.943
226,GNQ,Equatorial Guinea,Sub-Saharan Africa,2015,6337692.528,14354998.28
231,ETH,Ethiopia,Sub-Saharan Africa,2015,4067998.457,1997936.368
232,ERI,Eritrea,Sub-Saharan Africa,2015,436716.487,255274.59
233,EST,Estonia,Europe,2015,3722848.215,11401512.53
234,FRO,Faeroe Isds,Europe,2015,1166481.227,397671.596
238,FLK,Falkland Isds (Malvinas),South America,2015,190355.443,58782.494
239,SGS,South Georgia and the South Sandwich Isds,Other,2015,5740.757,3194.617
242,FJI,Fiji,Oceania,2015,583825.3197,1411500.94
246,FIN,Finland,Europe,2015,19594323.29,26802483.32
251,FRA,France,Europe,2015,81762446.02,139408145.1
258,PYF,French Polynesia,Oceania,2015,142618.9241,21293.5905
260,ATF,French Southern Territories,Other,2015,4900.137,601.947
262,DJI,Djibouti,Sub-Saharan Africa,2015,63337.962,97524.721
266,GAB,Gabon,Sub-Saharan Africa,2015,5949610.862,16239271.23
268,GEO,Georgia,Central and Northern Asia,2015,1531190.104,2314139.319
270,GMB,Gambia,Sub-Saharan Africa,2015,121009.666,163471.329
275,PSE,State of Palestine,Middle East and North Africa,2015,459537.4171,549141.3581
276,DEU,Germany,Europe,2015,146811972.8,236226255.3
288,GHA,Ghana,Sub-Saharan Africa,2015,10927701.83,8920157.529
292,GIB,Gibraltar,Europe,2015,322922.097,929709.455
296,KIR,Kiribati,Oceania,2015,126656.3153,95481.41613
300,GRC,Greece,Europe,2015,15650707.06,30204002.46
304,GRL,Greenland,North America,2015,661418.8768,267293.6471
308,GRD,Grenada,Caribbean and Central America,2015,30396.465,18210.314
316,GUM,Guam,Oceania,2015,2593.91,1515.698
320,GTM,Guatemala,Caribbean and Central America,2015,6836128.656,13263806.26
324,GIN,Guinea,Sub-Saharan Africa,2015,2031260.312,20049745.75
328,GUY,Guyana,South America,2015,1228119.35,2685026.14
332,HTI,Haiti,Caribbean and Central America,2015,66683.296,57687.835
334,HMD,Heard Island and McDonald Isds,Other,2015,4.417,12.238
336,VAT,Holy See,Europe,2015,676.333,533.038
340,HND,Honduras,Caribbean and Central America,2015,3082201.419,4383789.844
344,HKG,"China, Hong Kong SAR",China,2015,37920205.97,7778629.549
348,HUN,Hungary,Europe,2015,11015539.3,24981156.32
352,ISL,Iceland,Europe,2015,4646709.07,2287237.695
360,IDN,Indonesia,Southeast Asia,2015,92431315.24,483095091.6
364,IRN,Iran,Middle East and North Africa,2015,28987926.53,83493183.4
368,IRQ,Iraq,Middle East and North Africa,2015,103716344.2,210536595.4
372,IRL,Ireland,Europe,2015,10727937.73,13484041.47
376,ISR,Israel,Middle East and North Africa,2015,21437772.59,12851887.41
381,ITA,Italy,Europe,2015,65561093.07,76224116.37
384,CIV,Cote d'Ivoire,Sub-Saharan Africa,2015,11140246.54,8870128.86
388,JAM,Jamaica,Caribbean and Central America,2015,507506.9221,6132598.131
392,JPN,Japan,East Asia excluding China,2015,69315973.26,112124489.1
398,KAZ,Kazakhstan,Central and Northern Asia,2015,42555783.45,145254114.4
400,JOR,Jordan,Middle East and North Africa,2015,2941656.412,9580715.413
404,KEN,Kenya,Sub-Saharan Africa,2015,3828688.927,2938827.468
408,PRK,"Korea, Dem. Rep.",East Asia excluding China,2015,1815610.626,22711547.76
410,KOR,"Korea, Rep.",East Asia excluding China,2015,75132991.72,111319700.9
414,KWT,Kuwait,Middle East and North Africa,2015,101439400,250849773.3
417,KGZ,Kyrgyzstan,Central and Northern Asia,2015,983177.6913,1174666.235
418,LAO,Lao PDR,Southeast Asia,2015,2202119.048,2932125.732
422,LBN,Lebanon,Middle East and North Africa,2015,1043354.955,1388220.751
426,LSO,Lesotho,Sub-Saharan Africa,2015,74197.706,115612.32
428,LVA,Latvia,Europe,2015,4965972.105,17657751.53
430,LBR,Liberia,Sub-Saharan Africa,2015,591617.391,5785901.433
434,LBY,Libya,Middle East and North Africa,2015,10909429.85,23070845.16
440,LTU,Lithuania,Europe,2015,9749234.406,23529283.42
442,LUX,Luxembourg,Europe,2015,5607876.954,8198745.276
446,MAC,"China, Macao SAR",China,2015,173545.967,227722.5941
450,MDG,Madagascar,Sub-Saharan Africa,2015,1847961.654,1005305.365
454,MWI,Malawi,Sub-Saharan Africa,2015,1161545.893,624981.8434
458,MYS,Malaysia,Southeast Asia,2015,71125867.52,164012395.6
462,MDV,Maldives,South Asia,2015,165863.3844,56541.015
466,MLI,Mali,Sub-Saharan Africa,2015,3510111.381,369041.562
470,MLT,Malta,Europe,2015,2396116.962,4576400.097
473,,"Latin American Integration Association, nes",South America,2015,1321.79,792.046
478,MRT,Mauritania,Sub-Saharan Africa,2015,2045787.244,11960684.59
480,MUS,Mauritius,Sub-Saharan Africa,2015,1078477.631,1140012.682
484,MEX,Mexico,North America,2015,60966867.4,113687387.6
490,,"Other Asia, nes",East Asia excluding China,2015,31858761.93,40498979.5
496,MNG,Mongolia,Central and Northern Asia,2015,4587128.592,23600709.81
498,MDA,Moldova,Europe,2015,1044384.772,2582358.84
499,MNE,Montenegro,Europe,2015,267563.0545,1029212.117
500,MSR,Montserrat,Caribbean and Central America,2015,899.96,25889.219
504,MAR,Morocco,Middle East and North Africa,2015,10248266.12,26902633.41
508,MOZ,Mozambique,Sub-Saharan Africa,2015,5114358.762,16231438.86
512,OMN,Oman,Middle East and North Africa,2015,29180867.91,72476953.52
516,NAM,Namibia,Sub-Saharan Africa,2015,3883628.853,2589957.686
520,NRU,Nauru,Oceania,2015,20661.322,119879.713
524,NPL,Nepal,South Asia,2015,234860.9461,283665.6777
527,,"Oceania, nes",Oceania,2015,3091.362,314.344
528,NLD,Netherlands,Europe,2015,151308342,236894725.4
531,CUW,Curacao,Caribbean and Central America,2015,1576406.415,2070769.702
533,ABW,Aruba,Caribbean and Central America,2015,293877.288,555847.8118
534,SXM,Sint Maarten (Dutch part),Caribbean and Central America,2015,12167.705,39757.552
535,BES,Bonaire,Caribbean and Central America,2015,9455.163,71292.606
540,NCL,New Caledonia,Oceania,2015,1396698.442,5970781.857
548,VUT,Vanuatu,Oceania,2015,111398.602,52106.317
554,NZL,New Zealand,Oceania,2015,25270581.55,30874793.42
558,NIC,Nicaragua,Caribbean and Central America,2015,2530855.365,1704076.001
562,NER,Niger,Sub-Saharan Africa,2015,761560.6401,608358.3574
566,NGA,Nigeria,Sub-Saharan Africa,2015,52402849.38,117332132.9
568,,"Other Europe, nes",Europe,2015,2634353.879,4423294.052
570,NIU,Niue,Oceania,2015,463.068,154.782
574,NFK,Norfolk Isds,Oceania,2015,723.681,1314.557
577,,"Other Africa, nes",Sub-Saharan Africa,2015,576.411,314.098
579,NOR,Norway,Europe,2015,88811937.09,225674707.4
580,MNP,N. Mariana Isds,Oceania,2015,253.05,472.947
581,UMI,United States Minor Outlying Isds,Oceania,2015,13064.794,18121.918
583,FSM,Micronesia,Oceania,2015,20807.308,14263.877
584,MHL,Marshall Isds,Oceania,2015,100433.406,89831.841
585,PLW,Palau,Oceania,2015,7798.946396,1810.694131
586,PAK,Pakistan,South Asia,2015,8782133.09,21087996.05
591,PAN,Panama,Caribbean and Central America,2015,2282713.966,3594107.622
598,PNG,Papua New Guinea,Oceania,2015,9118041.304,13980625.38
600,PRY,Paraguay,South America,2015,5649807.001,12652819.25
604,PER,Peru,South America,2015,30251018.59,39385688.33
608,PHL,Philippines,Southeast Asia,2015,12220017.03,56786055.19
612,PCN,Pitcairn,Oceania,2015,599.336,277.882
616,POL,Poland,Europe,2015,35340550.9,64582479.01
620,PRT,Portugal,Europe,2015,13184371.26,26396501.66
624,GNB,Guinea-Bissau,Sub-Saharan Africa,2015,276171.389,202715.207
626,TLS,Timor-Leste,Southeast Asia,2015,334932.161,693187.834
634,QAT,Qatar,Middle East and North Africa,2015,75587368.85,166194920.7
637,,"North America and Central America, nes",Other,2015,159.284,145.795
642,ROU,Romania,Europe,2015,13038715.5,29819304.77
643,RUS,Russian Federation,Central and Northern Asia,2015,321487401.4,930632127.1
646,RWA,Rwanda,Sub-Saharan Africa,2015,592204.3377,337785.8278
652,BLM,Saint-Barthelemy,Caribbean and Central America,2015,14662.712,35098.124
654,SHN,Saint Helena,Sub-Saharan Africa,2015,19752.107,1013.042
659,KNA,Saint Kitts and Nevis,Caribbean and Central America,2015,1420.645766,904.7320169
660,AIA,Anguilla,Caribbean and Central America,2015,1477.61,4777.886
662,LCA,Saint Lucia,Caribbean and Central America,2015,85671.03335,366615.8554
666,SPM,Saint Pierre and Miquelon,North America,2015,2186.29,1470.327
670,VCT,Saint Vincent and the Grenadines,Caribbean and Central America,2015,85717.36679,165371.2002
674,SMR,San Marino,Europe,2015,11477.456,9989.359
678,STP,Sao Tome and Principe,Sub-Saharan Africa,2015,11421.49157,4860.245113
682,SAU,Saudi Arabia,Middle East and North Africa,2015,247087820.8,605532916.9
686,SEN,Senegal,Sub-Saharan Africa,2015,2003890.37,5924259.122
688,SRB,Serbia,Europe,2015,4187995.475,8832651.473
690,SYC,Seychelles,Sub-Saharan Africa,2015,328000.8588,547313.6649
694,SLE,Sierra Leone,Sub-Saharan Africa,2015,401867.3417,4198143.934
699,IND,India,South Asia,2015,105571224.6,139652650.8
702,SGP,Singapore,Southeast Asia,2015,58400522.9,92229931.65
703,SVK,Slovakia,Europe,2015,10851073.43,25004641.72
704,VNM,Vietnam,Southeast Asia,2015,34052173.24,67666245.42
705,SVN,Slovenia,Europe,2015,4792414.848,9998509.379
706,SOM,Somalia,Sub-Saharan Africa,2015,666555.59,239148.797
710,ZAF,South Africa,Sub-Saharan Africa,2015,70345785,233376671.5
716,ZWE,Zimbabwe,Sub-Saharan Africa,2015,2640768.155,2205668.19
724,ESP,Spain,Europe,2015,71855390.77,102771950.3
728,SSD,South Sudan,Sub-Saharan Africa,2015,2336472.056,6611160.015
729,SDN,Sudan,Sub-Saharan Africa,2015,3801095.997,3783877.882
732,ESH,Western Sahara,Middle East and North Africa,2015,410.949,66.052
740,SUR,Suriname,South America,2015,1175839.617,776462.694
748,SWZ,Swaziland,Sub-Saharan Africa,2015,525111.007,1343941.652
752,SWE,Sweden,Europe,2015,32145333.94,66478475.81
757,CHE,Switzerland,Europe,2015,89813744.13,15759262.15
760,SYR,Syria,Middle East and North Africa,2015,497469.518,891613.534
762,TJK,Tajikistan,Central and Northern Asia,2015,770801.065,578089.176
764,THA,Thailand,Southeast Asia,2015,46488706.27,77754185.05
768,TGO,Togo,Sub-Saharan Africa,2015,1520592.594,3560953.083
772,TKL,Tokelau,Oceania,2015,6592.775,3523.782
776,TON,Tonga,Oceania,2015,10077.735,8807.063
780,TTO,Trinidad and Tobago,Caribbean and Central America,2015,8573454.56,20393180.92
784,ARE,United Arab Emirates,Middle East and North Africa,2015,129329201.6,283105511.1
788,TUN,Tunisia,Middle East and North Africa,2015,3773303.809,8881259.48
792,TUR,Turkey,Europe,2015,39325992.23,67364441.76
795,TKM,Turkmenistan,Central and Northern Asia,2015,9717701.177,24561687.08
796,TCA,Turks and Caicos Isds,Caribbean and Central America,2015,25104.066,29134.315
798,TUV,Tuvalu,Oceania,2015,6386.092,4744.198
800,UGA,Uganda,Sub-Saharan Africa,2015,1836340.068,2302909.053
804,UKR,Ukraine,Central and Northern Asia,2015,31302275.47,154439577.4
807,MKD,"Macedonia, FYR",Europe,2015,1314588.33,1957944.935
818,EGY,Egypt,Middle East and North Africa,2015,15357892.69,27888058.96
826,GBR,United Kingdom,Europe,2015,85523958.09,123774215.3
834,TZA,Tanzania,Sub-Saharan Africa,2015,5852391.17,2300416.259
837,,Bunkers,Other,2015,123160.345,151439.734
838,,Free Zones,Other,2015,1686421.688,2826108.309
839,,Special Categories,Other,2015,37512620.41,112862348.5
842,USA,United States,North America,2015,321332108.9,624719238.3
854,BFA,Burkina Faso,Sub-Saharan Africa,2015,1419908.098,1118119.031
858,URY,Uruguay,South America,2015,8357335.261,17422712.24
860,UZB,Uzbekistan,Central and Northern Asia,2015,5060107.604,5343524.771
862,VEN,Venezuela,South America,2015,36923458.86,117348011.7
876,WLF,Wallis and Futuna Isds,Oceania,2015,67.522,15
882,WSM,Samoa,Oceania,2015,44932.86737,33605.70771
887,YEM,Yemen,Middle East and North Africa,2015,2049542.671,3707584.797
894,ZMB,Zambia,Sub-Saharan Africa,2015,9589240.744,3536764.548
899,,"Areas, nes",Other,2015,15533338.1,115944368
4,AFG,Afghanistan,South Asia,2016,1118092.293,2210018.727
8,ALB,Albania,Europe,2016,807158.677,3471466.422
10,ATA,Antarctica,Other,2016,1517.375,350.595
12,DZA,Algeria,Middle East and North Africa,2016,32239046.37,96557422.81
16,ASM,American Samoa,Oceania,2016,20058.1,18829.24
20,AND,Andorra,Europe,2016,32241.525,59225.604
24,AGO,Angola,Sub-Saharan Africa,2016,27699090.36,83644836.81
28,ATG,Antigua and Barbuda,Caribbean and Central America,2016,60857.71305,163125.47
31,AZE,Azerbaijan,Central and Northern Asia,2016,11388992.41,29828862.73
32,ARG,Argentina,South America,2016,43364392.14,99462427.93
36,AUS,Australia,Oceania,2016,178363154.9,1447061140
40,AUT,Austria,Europe,2016,23602858,38915678.63
44,BHS,Bahamas,Caribbean and Central America,2016,492160.197,3153002.486
48,BHR,Bahrain,Middle East and North Africa,2016,9376965.815,21999183.56
50,BGD,Bangladesh,South Asia,2016,1960448.869,1791622.27
51,ARM,Armenia,Central and Northern Asia,2016,1294442.92,918095.1036
52,BRB,Barbados,Caribbean and Central America,2016,91964.20777,372477.599
56,BEL,Belgium,Europe,2016,100989266.5,153931769.3
60,BMU,Bermuda,Caribbean and Central America,2016,13082.11628,15137.22521
64,BTN,Bhutan,South Asia,2016,100537.322,235087.806
68,BOL,Bolivia,South America,2016,6710307.506,16875020.57
70,BIH,Bosnia Herzegovina,Europe,2016,1669968.973,5618119.507
72,BWA,Botswana,Sub-Saharan Africa,2016,7357296.614,727532.1135
74,BVT,Bouvet Island,Oceania,2016,0.002,0.004
76,BRA,Brazil,South America,2016,131239593.3,615442483.4
84,BLZ,Belize,Caribbean and Central America,2016,358472.2142,641160.6247
86,IOT,British Indian Ocean Territory,Oceania,2016,1927.255,1391.437
90,SLB,Solomon Isds,Oceania,2016,498350.2468,1865761.778
92,VGB,British Virgin Isds,Caribbean and Central America,2016,147377.696,84035.109
96,BRN,Brunei Darussalam,Southeast Asia,2016,4471516.808,12243548.71
100,BGR,Bulgaria,Europe,2016,10203160.08,21691581.37
104,MMR,Myanmar,Southeast Asia,2016,11795136.7,355104611.2
108,BDI,Burundi,Sub-Saharan Africa,2016,184382.0335,68213.83484
112,BLR,Belarus,Central and Northern Asia,2016,11592177.33,46269430.32
116,KHM,Cambodia,Southeast Asia,2016,3209233.657,6664921.547
120,CMR,Cameroon,Sub-Saharan Africa,2016,3890028.725,6991308.997
124,CAN,Canada,North America,2016,167293147.5,402109208.6
132,CPV,Cabo Verde,Sub-Saharan Africa,2016,34168.29665,33983.45463
136,CYM,Cayman Isds,Caribbean and Central America,2016,72650.095,7606.927
140,CAF,Central African Rep.,Sub-Saharan Africa,2016,103722.2326,205814.0744
144,LKA,Sri Lanka,South Asia,2016,3054502.1,2270295.982
148,TCD,Chad,Sub-Saharan Africa,2016,1657082.236,5453002.558
152,CHL,Chile,South America,2016,53606152.53,56249452.49
156,CHN,China,China,2016,166240085.5,1026651802
162,CXR,Christmas Isds,Oceania,2016,17063.394,131905.008
166,CCK,Cocos Isds,Oceania,2016,567.849,977.92
170,COL,Colombia,South America,2016,28820456.16,153863635.6
174,COM,Comoros,Sub-Saharan Africa,2016,61870.554,39945.774
178,COG,"Congo, Rep.",Sub-Saharan Africa,2016,5371911.208,11251439.6
180,COD,"Congo, Dem. Rep.",Sub-Saharan Africa,2016,4188449.103,1963790.19
184,COK,Cook Isds,Oceania,2016,22724.091,5349.574
188,CRI,Costa Rica,Caribbean and Central America,2016,5125967.882,7350412.465
191,HRV,Croatia,Europe,2016,3554215.046,12808488.49
192,CUB,Cuba,Caribbean and Central America,2016,733082.323,1341281.817
196,CYP,Cyprus,Europe,2016,1201985.124,3787368.307
203,CZE,Czech Rep.,Europe,2016,14233608.63,42532335.32
204,BEN,Benin,Sub-Saharan Africa,2016,1097986.934,1233572.286
208,DNK,Denmark,Europe,2016,20957227.11,26703922.58
212,DMA,Dominica,Caribbean and Central America,2016,12121.652,73270.43
214,DOM,Dominican Rep.,Caribbean and Central America,2016,3329918.402,3561362.645
218,ECU,Ecuador,South America,2016,15461138.29,32856536.78
222,SLV,El Salvador,Caribbean and Central America,2016,950433.6915,1507770.803
226,GNQ,Equatorial Guinea,Sub-Saharan Africa,2016,4315482.653,13078250.07
231,ETH,Ethiopia,Sub-Saharan Africa,2016,2222733.874,1235737.089
232,ERI,Eritrea,Sub-Saharan Africa,2016,369665.118,260771.742
233,EST,Estonia,Europe,2016,3522018.901,11310874.6
234,FRO,Faeroe Isds,Europe,2016,1349479.755,511313.292
238,FLK,Falkland Isds (Malvinas),South America,2016,254885.994,53080.548
239,SGS,South Georgia and the South Sandwich Isds,Other,2016,27.898,38.359
242,FJI,Fiji,Oceania,2016,562975.0892,1151757.82
246,FIN,Finland,Europe,2016,19526739.2,29571771.93
251,FRA,France,Europe,2016,75737069.97,133604840.9
258,PYF,French Polynesia,Oceania,2016,129510.589,14743.927
260,ATF,French Southern Territories,Other,2016,8787.349,1130.921
262,DJI,Djibouti,Sub-Saharan Africa,2016,58632.992,83379.601
266,GAB,Gabon,Sub-Saharan Africa,2016,3963706.211,12651432.76
268,GEO,Georgia,Central and Northern Asia,2016,1296319.007,1810120.913
270,GMB,Gambia,Sub-Saharan Africa,2016,158232.9438,272880.0744
275,PSE,State of Palestine,Middle East and North Africa,2016,432503.2148,548616.2823
276,DEU,Germany,Europe,2016,134885513.8,225754611.5
288,GHA,Ghana,Sub-Saharan Africa,2016,11928777.84,20955464.94
292,GIB,Gibraltar,Europe,2016,134038.535,413012.735
296,KIR,Kiribati,Oceania,2016,139510.7609,90573.76741
300,GRC,Greece,Europe,2016,14812089.36,32841802.29
304,GRL,Greenland,North America,2016,781400.2994,270710.8738
308,GRD,Grenada,Caribbean and Central America,2016,27358.892,12921.132
316,GUM,Guam,Oceania,2016,5546.167,11974.606
320,GTM,Guatemala,Caribbean and Central America,2016,6664319.558,12050750.05
324,GIN,Guinea,Sub-Saharan Africa,2016,3348071.528,28572641.35
328,GUY,Guyana,South America,2016,1454117.583,2494166.678
332,HTI,Haiti,Caribbean and Central America,2016,55063.008,50018.944
334,HMD,Heard Island and McDonald Isds,Other,2016,3.263,4.518
336,VAT,Holy See,Europe,2016,57.431,21.883
340,HND,Honduras,Caribbean and Central America,2016,3078626.753,4260503.917
344,HKG,"China, Hong Kong SAR",China,2016,54530507.97,4535368.221
348,HUN,Hungary,Europe,2016,9796250.692,22446781.54
352,ISL,Iceland,Europe,2016,4052712.76,2183452.431
360,IDN,Indonesia,Southeast Asia,2016,83444593.59,488692806.9
364,IRN,Iran,Middle East and North Africa,2016,38157076.59,136892407.6
368,IRQ,Iraq,Middle East and North Africa,2016,92974056.06,287708127.9
372,IRL,Ireland,Europe,2016,10159525.21,13495295.63
376,ISR,Israel,Middle East and North Africa,2016,20143532.05,14109568.51
381,ITA,Italy,Europe,2016,62125385.76,74354351.22
384,CIV,Cote d'Ivoire,Sub-Saharan Africa,2016,10665504.93,7624780.177
388,JAM,Jamaica,Caribbean and Central America,2016,418928.905,4910599.502
392,JPN,Japan,East Asia excluding China,2016,65304569.81,112722768.1
398,KAZ,Kazakhstan,Central and Northern Asia,2016,33117644.24,139287060.6
400,JOR,Jordan,Middle East and North Africa,2016,2384741.622,9108450.198
404,KEN,Kenya,Sub-Saharan Africa,2016,3413206.346,2638135.708
408,PRK,"Korea, Dem. Rep.",East Asia excluding China,2016,1924277.701,25338702.73
410,KOR,"Korea, Rep.",East Asia excluding China,2016,66694378.9,113106895.4
414,KWT,Kuwait,Middle East and North Africa,2016,47175946.48,126273955.3
417,KGZ,Kyrgyzstan,Central and Northern Asia,2016,964899.0282,1267017.454
418,LAO,Lao PDR,Southeast Asia,2016,2424015.25,3145634.252
422,LBN,Lebanon,Middle East and North Africa,2016,1626782.788,1126911.827
426,LSO,Lesotho,Sub-Saharan Africa,2016,87474.117,134046.118
428,LVA,Latvia,Europe,2016,4781288.749,19299208.69
430,LBR,Liberia,Sub-Saharan Africa,2016,682030.721,2903705.228
434,LBY,Libya,Middle East and North Africa,2016,9442085.068,20565612.25
440,LTU,Lithuania,Europe,2016,8903079.848,23762987.73
442,LUX,Luxembourg,Europe,2016,5227192.749,8430986.689
446,MAC,"China, Macao SAR",China,2016,120243.4606,174248.1327
450,MDG,Madagascar,Sub-Saharan Africa,2016,1961738.465,1098965.08
454,MWI,Malawi,Sub-Saharan Africa,2016,956845.892,498492.545
458,MYS,Malaysia,Southeast Asia,2016,61177880.33,165902847.8
462,MDV,Maldives,South Asia,2016,225550.5418,199481.2632
466,MLI,Mali,Sub-Saharan Africa,2016,4408112.901,834108.3457
470,MLT,Malta,Europe,2016,1746809.881,4255332.568
473,,"Latin American Integration Association, nes",South America,2016,2490.356,135.835
478,MRT,Mauritania,Sub-Saharan Africa,2016,2709078.307,26455060.35
480,MUS,Mauritius,Sub-Saharan Africa,2016,711998.7305,823618.6954
484,MEX,Mexico,North America,2016,58361650.68,60905205.01
490,,"Other Asia, nes",East Asia excluding China,2016,27540012.78,40905867.81
496,MNG,Mongolia,Central and Northern Asia,2016,4714310.948,35932208.39
498,MDA,Moldova,Europe,2016,1033547.967,2985189.211
499,MNE,Montenegro,Europe,2016,280585.6096,1207735.176
500,MSR,Montserrat,Caribbean and Central America,2016,814.081,40723.082
504,MAR,Morocco,Middle East and North Africa,2016,9933040.118,26942623.53
508,MOZ,Mozambique,Sub-Saharan Africa,2016,4239681.653,15076606.83
512,OMN,Oman,Middle East and North Africa,2016,23964162.27,79299977.05
516,NAM,Namibia,Sub-Saharan Africa,2016,3368417.386,2054222.913
520,NRU,Nauru,Oceania,2016,16445.352,99707.195
524,NPL,Nepal,South Asia,2016,216572.3736,288071.2446
527,,"Oceania, nes",Oceania,2016,6703.592,189.959
528,NLD,Netherlands,Europe,2016,135936199.7,233726962.7
531,CUW,Curacao,Caribbean and Central America,2016,1432893.3,3028601.731
533,ABW,Aruba,Caribbean and Central America,2016,138541.5161,163961.0978
534,SXM,Sint Maarten (Dutch part),Caribbean and Central America,2016,1261.099,3390.383
535,BES,Bonaire,Caribbean and Central America,2016,4672.845,60865.508
540,NCL,New Caledonia,Oceania,2016,1297310.589,5996569.866
548,VUT,Vanuatu,Oceania,2016,134598.804,56764.746
554,NZL,New Zealand,Oceania,2016,24317428.6,33383320.01
558,NIC,Nicaragua,Caribbean and Central America,2016,2390954.625,1590023.355
562,NER,Niger,Sub-Saharan Africa,2016,841147.2682,867877.1198
566,NGA,Nigeria,Sub-Saharan Africa,2016,36542191.93,94550105.26
568,,"Other Europe, nes",Europe,2016,1887614.35,3949928.233
570,NIU,Niue,Oceania,2016,349.616,150.285
574,NFK,Norfolk Isds,Oceania,2016,331.98,182.921
577,,"Other Africa, nes",Sub-Saharan Africa,2016,189.943,69.422
579,NOR,Norway,Europe,2016,70801187.02,215581524.3
580,MNP,N. Mariana Isds,Oceania,2016,666.928,1626.618
581,UMI,United States Minor Outlying Isds,Oceania,2016,1815.038,364.744
583,FSM,Micronesia,Oceania,2016,59594.522,38292.003
584,MHL,Marshall Isds,Oceania,2016,107393.032,88298.044
585,PLW,Palau,Oceania,2016,12079.57256,2910.778513
586,PAK,Pakistan,South Asia,2016,7277895.513,18234333.42
591,PAN,Panama,Caribbean and Central America,2016,1616738.927,2732184.181
598,PNG,Papua New Guinea,Oceania,2016,8212418.793,14758553.82
600,PRY,Paraguay,South America,2016,5990536.857,13621384.24
604,PER,Peru,South America,2016,33337025.51,42765746.85
608,PHL,Philippines,Southeast Asia,2016,11417302.71,67106348.08
612,PCN,Pitcairn,Oceania,2016,379.796,276.453
616,POL,Poland,Europe,2016,32536876.09,62976708.91
620,PRT,Portugal,Europe,2016,11886264.19,24437204.18
624,GNB,Guinea-Bissau,Sub-Saharan Africa,2016,312390.121,199187.867
626,TLS,Timor-Leste,Southeast Asia,2016,59536.768,113344.654
634,QAT,Qatar,Middle East and North Africa,2016,55998462.69,165316524.4
637,,"North America and Central America, nes",Other,2016,13,1.057
642,ROU,Romania,Europe,2016,12420135.16,31161925.88
643,RUS,Russian Federation,Central and Northern Asia,2016,233294217.7,869230469.8
646,RWA,Rwanda,Sub-Saharan Africa,2016,574326.2586,367971.9466
652,BLM,Saint-Barthelemy,Caribbean and Central America,2016,5338.579,9948.594
654,SHN,Saint Helena,Sub-Saharan Africa,2016,21904.851,1211.1
659,KNA,Saint Kitts and Nevis,Caribbean and Central America,2016,1975.786533,1529.062216
660,AIA,Anguilla,Caribbean and Central America,2016,1937.749,3038.017
662,LCA,Saint Lucia,Caribbean and Central America,2016,103623.8089,297302.7881
666,SPM,Saint Pierre and Miquelon,North America,2016,3381.185,4628.893
670,VCT,Saint Vincent and the Grenadines,Caribbean and Central America,2016,69222.24089,151649.3382
674,SMR,San Marino,Europe,2016,11385.996,8042.677
678,STP,Sao Tome and Principe,Sub-Saharan Africa,2016,20493.43237,8523.703377
682,SAU,Saudi Arabia,Middle East and North Africa,2016,274211624.1,816345730.8
686,SEN,Senegal,Sub-Saharan Africa,2016,2253356.164,5904714.432
688,SRB,Serbia,Europe,2016,4039238.459,9000066.61
690,SYC,Seychelles,Sub-Saharan Africa,2016,357870.0526,391555.3743
694,SLE,Sierra Leone,Sub-Saharan Africa,2016,504410.9211,5981789.765
699,IND,India,South Asia,2016,101111653.2,176472406.1
702,SGP,Singapore,Southeast Asia,2016,51128429.46,97355502.35
703,SVK,Slovakia,Europe,2016,10325854.76,26697501.16
704,VNM,Vietnam,Southeast Asia,2016,33999803.08,59631196.44
705,SVN,Slovenia,Europe,2016,4570251.448,10224589.31
706,SOM,Somalia,Sub-Saharan Africa,2016,604908.961,191893.366
710,ZAF,South Africa,Sub-Saharan Africa,2016,57187165.69,227677082.9
716,ZWE,Zimbabwe,Sub-Saharan Africa,2016,2483727.959,1859585.495
724,ESP,Spain,Europe,2016,69936119.02,101390878.4
728,SSD,South Sudan,Sub-Saharan Africa,2016,1474138.313,5380983.757
729,SDN,Sudan,Sub-Saharan Africa,2016,3584217.244,2543490.498
732,ESH,Western Sahara,Middle East and North Africa,2016,8482.086,4185.488
740,SUR,Suriname,South America,2016,1387719.814,1250553.748
748,SWZ,Swaziland,Sub-Saharan Africa,2016,493691.648,1603044.905
752,SWE,Sweden,Europe,2016,30177932.01,69192899.45
757,CHE,Switzerland,Europe,2016,87410507.65,19534976.42
760,SYR,Syria,Middle East and North Africa,2016,599732.627,731147.617
762,TJK,Tajikistan,Central and Northern Asia,2016,681633.59,596154.406
764,THA,Thailand,Southeast Asia,2016,48519928.71,78757518.11
768,TGO,Togo,Sub-Saharan Africa,2016,1550764.065,3761207.902
772,TKL,Tokelau,Oceania,2016,1019.956,463.242
776,TON,Tonga,Oceania,2016,11702.636,10453.31
780,TTO,Trinidad and Tobago,Caribbean and Central America,2016,5421278.49,18710264.92
784,ARE,United Arab Emirates,Middle East and North Africa,2016,122007229.7,339358415.5
788,TUN,Tunisia,Middle East and North Africa,2016,3020623.882,8422204.929
792,TUR,Turkey,Europe,2016,38213817.81,71877725.67
795,TKM,Turkmenistan,Central and Northern Asia,2016,7334051.442,26389369.38
796,TCA,Turks and Caicos Isds,Caribbean and Central America,2016,12873.591,17808.887
798,TUV,Tuvalu,Oceania,2016,8788.94,5334.088
800,UGA,Uganda,Sub-Saharan Africa,2016,2012917.124,2262697.644
804,UKR,Ukraine,Central and Northern Asia,2016,28589387.09,144752995
807,MKD,"Macedonia, FYR",Europe,2016,1064958.126,1861589.377
818,EGY,Egypt,Middle East and North Africa,2016,15986789.04,30487493.32
826,GBR,United Kingdom,Europe,2016,74429998.59,125638020.9
834,TZA,Tanzania,Sub-Saharan Africa,2016,5521758.287,2365140.816
837,,Bunkers,Other,2016,1536.631,2458.774
838,,Free Zones,Other,2016,1994482.148,3812653.832
839,,Special Categories,Other,2016,28663331.98,112432360.7
842,USA,United States,North America,2016,297534170.5,655445159.1
854,BFA,Burkina Faso,Sub-Saharan Africa,2016,2466169.84,1361612.536
858,URY,Uruguay,South America,2016,7934232.783,17969098.01
860,UZB,Uzbekistan,Central and Northern Asia,2016,5809999.829,5545858.974
862,VEN,Venezuela,South America,2016,28447829.36,116984425.8
876,WLF,Wallis and Futuna Isds,Oceania,2016,23.813,50.485
882,WSM,Samoa,Oceania,2016,41896.69199,35227.1289
887,YEM,Yemen,Middle East and North Africa,2016,901763.676,629154.841
894,ZMB,Zambia,Sub-Saharan Africa,2016,5563025.319,2218099.571
899,,"Areas, nes",Other,2016,14970584.7,36781482.44
4,AFG,Afghanistan,South Asia,2017,865906.989,1931033.143
8,ALB,Albania,Europe,2017,823477.9317,2839966.495
10,ATA,Antarctica,Other,2017,202.122,118.992
12,DZA,Algeria,Middle East and North Africa,2017,38293029.4,93059389.68
16,ASM,American Samoa,Oceania,2017,14712.188,13648.599
20,AND,Andorra,Europe,2017,25429.396,72663.59
24,AGO,Angola,Sub-Saharan Africa,2017,32910249.97,80336397.5
28,ATG,Antigua and Barbuda,Caribbean and Central America,2017,97478.46296,156961.1919
31,AZE,Azerbaijan,Central and Northern Asia,2017,17336548.03,31651514.47
32,ARG,Argentina,South America,2017,43483884.2,98940387.61
36,AUS,Australia,Oceania,2017,232014993.8,1472973394
40,AUT,Austria,Europe,2017,26136788.74,37944246.78
44,BHS,Bahamas,Caribbean and Central America,2017,468226.133,882862.304
48,BHR,Bahrain,Middle East and North Africa,2017,4747604.781,8063713.327
50,BGD,Bangladesh,South Asia,2017,1768424.71,1576593.873
51,ARM,Armenia,Central and Northern Asia,2017,1699626.636,1025986.889
52,BRB,Barbados,Caribbean and Central America,2017,117735.5139,420900.5732
56,BEL,Belgium,Europe,2017,111996634.4,164265640.9
60,BMU,Bermuda,Caribbean and Central America,2017,52383.725,136941.243
64,BTN,Bhutan,South Asia,2017,160146.304,2049303.477
68,BOL,Bolivia,South America,2017,7494208.721,15410048.69
70,BIH,Bosnia Herzegovina,Europe,2017,1885771.992,5627809.327
72,BWA,Botswana,Sub-Saharan Africa,2017,5899513.5,707264.5237
74,BVT,Bouvet Island,Oceania,2017,3.341,14
76,BRA,Brazil,South America,2017,161564850.7,671275207.4
84,BLZ,Belize,Caribbean and Central America,2017,270260.8631,558102.0905
86,IOT,British Indian Ocean Territory,Oceania,2017,2980.004,747.561
90,SLB,Solomon Isds,Oceania,2017,642448.6108,2949377.673
92,VGB,British Virgin Isds,Caribbean and Central America,2017,52970.378,95835.348
96,BRN,Brunei Darussalam,Southeast Asia,2017,5108562.778,12927233.37
100,BGR,Bulgaria,Europe,2017,12017335.51,20509954.35
104,MMR,Myanmar,Southeast Asia,2017,8468406.514,20065275.99
108,BDI,Burundi,Sub-Saharan Africa,2017,131726.9574,57767.76054
112,BLR,Belarus,Central and Northern Asia,2017,15785379.25,55487458.65
116,KHM,Cambodia,Southeast Asia,2017,1007244.625,1430384.113
120,CMR,Cameroon,Sub-Saharan Africa,2017,4961418.387,9039114.1
124,CAN,Canada,North America,2017,196444568.4,466195696.5
132,CPV,Cabo Verde,Sub-Saharan Africa,2017,35580.44591,28195.07203
136,CYM,Cayman Isds,Caribbean and Central America,2017,15659.411,28572.831
140,CAF,Central African Rep.,Sub-Saharan Africa,2017,52638.099,86693.994
144,LKA,Sri Lanka,South Asia,2017,3509946.334,2091406.989
148,TCD,Chad,Sub-Saharan Africa,2017,1167919.553,2986863.555
152,CHL,Chile,South America,2017,60755378.25,56955901.39
156,CHN,China,China,2017,175921958.7,484109182.7
162,CXR,Christmas Isds,Oceania,2017,15518.65,137484.44
166,CCK,Cocos Isds,Oceania,2017,64.931,82.296
170,COL,Colombia,South America,2017,35461352.32,152686044
174,COM,Comoros,Sub-Saharan Africa,2017,55146.727,7505.081
178,COG,"Congo, Rep.",Sub-Saharan Africa,2017,5884243.29,12416469.44
180,COD,"Congo, Dem. Rep.",Sub-Saharan Africa,2017,6184381.563,2574737.207
184,COK,Cook Isds,Oceania,2017,26637.237,4047.943
188,CRI,Costa Rica,Caribbean and Central America,2017,5585665.447,6507729.978
191,HRV,Croatia,Europe,2017,3306460.354,4286322.908
192,CUB,Cuba,Caribbean and Central America,2017,966756.904,1340607.166
196,CYP,Cyprus,Europe,2017,1684883.363,3911929.788
203,CZE,Czech Rep.,Europe,2017,15846887.21,41280397.27
204,BEN,Benin,Sub-Saharan Africa,2017,550450.624,649893.77
208,DNK,Denmark,Europe,2017,23947913.71,29474034.32
212,DMA,Dominica,Caribbean and Central America,2017,10133.993,24292.17
214,DOM,Dominican Rep.,Caribbean and Central America,2017,3263339.154,3132710.562
218,ECU,Ecuador,South America,2017,18475769.58,29559773.02
222,SLV,El Salvador,Caribbean and Central America,2017,1109841.839,1761065.325
226,GNQ,Equatorial Guinea,Sub-Saharan Africa,2017,4836597.535,12450236.2
231,ETH,Ethiopia,Sub-Saharan Africa,2017,1910215.072,967110.989
232,ERI,Eritrea,Sub-Saharan Africa,2017,287707.62,307376.224
233,EST,Estonia,Europe,2017,4399670.714,13264948.23
234,FRO,Faeroe Isds,Europe,2017,1462598.756,531150.289
238,FLK,Falkland Isds (Malvinas),South America,2017,207769.811,62927.37
239,SGS,South Georgia and the South Sandwich Isds,Other,2017,,
242,FJI,Fiji,Oceania,2017,634347.7213,1309234.454
246,FIN,Finland,Europe,2017,23153898.7,30154948.9
251,FRA,France,Europe,2017,84553226.39,134021216.5
258,PYF,French Polynesia,Oceania,2017,134463.505,22875.18
260,ATF,French Southern Territories,Other,2017,8555.472,667.114
262,DJI,Djibouti,Sub-Saharan Africa,2017,40442.489,38356.793
266,GAB,Gabon,Sub-Saharan Africa,2017,5170025.733,13687547.62
268,GEO,Georgia,Central and Northern Asia,2017,1577457.576,2140436.905
270,GMB,Gambia,Sub-Saharan Africa,2017,173638.274,239572.439
275,PSE,State of Palestine,Middle East and North Africa,2017,61344.552,131101.481
276,DEU,Germany,Europe,2017,154339050.5,237164345.2
288,GHA,Ghana,Sub-Saharan Africa,2017,10194048.4,13011174.04
292,GIB,Gibraltar,Europe,2017,45570.401,99871.56
296,KIR,Kiribati,Oceania,2017,52673.6,27493.943
300,GRC,Greece,Europe,2017,17976893.41,34482185.47
304,GRL,Greenland,North America,2017,773460.145,250112.996
308,GRD,Grenada,Caribbean and Central America,2017,25338.513,9206.119
316,GUM,Guam,Oceania,2017,5615.299,15005.969
320,GTM,Guatemala,Caribbean and Central America,2017,5911842.004,8940455.545
324,GIN,Guinea,Sub-Saharan Africa,2017,3040551.526,42308287.42
328,GUY,Guyana,South America,2017,1595338.115,3242016.636
332,HTI,Haiti,Caribbean and Central America,2017,44177.179,18522.802
334,HMD,Heard Island and McDonald Isds,Other,2017,0.071,0.045
336,VAT,Holy See,Europe,2017,820.964,225.617
340,HND,Honduras,Caribbean and Central America,2017,3613180.422,3750557.354
344,HKG,"China, Hong Kong SAR",China,2017,67303535.82,9026567.535
348,HUN,Hungary,Europe,2017,12018632.13,23539474.38
352,ISL,Iceland,Europe,2017,4695642.178,2370418.282
360,IDN,Indonesia,Southeast Asia,2017,102302349.5,427277274
364,IRN,Iran,Middle East and North Africa,2017,52001859.28,306440731.6
368,IRQ,Iraq,Middle East and North Africa,2017,66804005.02,180652347.2
372,IRL,Ireland,Europe,2017,11812480.25,12996049.81
376,ISR,Israel,Middle East and North Africa,2017,16455786.14,10975146.09
381,ITA,Italy,Europe,2017,72048457.76,75905672.21
384,CIV,Cote d'Ivoire,Sub-Saharan Africa,2017,9991267.074,7110880.419
388,JAM,Jamaica,Caribbean and Central America,2017,319404.0667,2631979.79
392,JPN,Japan,East Asia excluding China,2017,72702185.57,94157906.39
398,KAZ,Kazakhstan,Central and Northern Asia,2017,44452754.42,145265830.8
400,JOR,Jordan,Middle East and North Africa,2017,2634055.96,11727096.36
404,KEN,Kenya,Sub-Saharan Africa,2017,4021715.942,3509905.613
408,PRK,"Korea, Dem. Rep.",East Asia excluding China,2017,1017394.309,7553622.845
410,KOR,"Korea, Rep.",East Asia excluding China,2017,81447477.15,128188369.3
414,KWT,Kuwait,Middle East and North Africa,2017,92362738.83,235508143.9
417,KGZ,Kyrgyzstan,Central and Northern Asia,2017,1436247.656,1460026.062
418,LAO,Lao PDR,Southeast Asia,2017,1584095.223,1680313.597
422,LBN,Lebanon,Middle East and North Africa,2017,897553.451,922117.006
426,LSO,Lesotho,Sub-Saharan Africa,2017,95266.664,107654.429
428,LVA,Latvia,Europe,2017,5181070.515,20005988.06
430,LBR,Liberia,Sub-Saharan Africa,2017,552266.839,2461186.007
434,LBY,Libya,Middle East and North Africa,2017,17393190.47,43348472.3
440,LTU,Lithuania,Europe,2017,10624617.79,26044625.86
442,LUX,Luxembourg,Europe,2017,5747506.136,7907293.642
446,MAC,"China, Macao SAR",China,2017,142184.548,3049949.861
450,MDG,Madagascar,Sub-Saharan Africa,2017,2353381.989,1261847.943
454,MWI,Malawi,Sub-Saharan Africa,2017,854862.905,412729.266
458,MYS,Malaysia,Southeast Asia,2017,72494336.48,151208285.9
462,MDV,Maldives,South Asia,2017,281503.234,301023.188
466,MLI,Mali,Sub-Saharan Africa,2017,2118412.433,958058.841
470,MLT,Malta,Europe,2017,1243408.461,1711701.838
473,,"Latin American Integration Association, nes",South America,2017,5176.619,1390.02
478,MRT,Mauritania,Sub-Saharan Africa,2017,2708773.387,15777799.31
480,MUS,Mauritius,Sub-Saharan Africa,2017,874673.1473,858273.7835
484,MEX,Mexico,North America,2017,66434049.16,112393505.7
490,,"Other Asia, nes",East Asia excluding China,2017,21329544.36,21222327.69
496,MNG,Mongolia,Central and Northern Asia,2017,5940117.628,43975290.13
498,MDA,Moldova,Europe,2017,1318627.087,3800793.789
499,MNE,Montenegro,Europe,2017,343138.734,2403744.023
500,MSR,Montserrat,Caribbean and Central America,2017,1248.318,50586.402
504,MAR,Morocco,Middle East and North Africa,2017,8975351.992,21741897.41
508,MOZ,Mozambique,Sub-Saharan Africa,2017,6371809.616,29383478.09
512,OMN,Oman,Middle East and North Africa,2017,45505709.08,153017704.1
516,NAM,Namibia,Sub-Saharan Africa,2017,3756460.496,2121139.665
520,NRU,Nauru,Oceania,2017,20371.658,174443.552
524,NPL,Nepal,South Asia,2017,249742.892,318389.8594
527,,"Oceania, nes",Oceania,2017,273.61,273.325
528,NLD,Netherlands,Europe,2017,163096059.9,256078469.2
531,CUW,Curacao,Caribbean and Central America,2017,1109732.111,882536.794
533,ABW,Aruba,Caribbean and Central America,2017,143857.801,147109.728
534,SXM,Sint Maarten (Dutch part),Caribbean and Central America,2017,1677.772,2967.397
535,BES,Bonaire,Caribbean and Central America,2017,13441.799,137081.289
540,NCL,New Caledonia,Oceania,2017,1445667.493,4681240.733
548,VUT,Vanuatu,Oceania,2017,132080.266,58515.041
554,NZL,New Zealand,Oceania,2017,27028892.48,15313347.93
558,NIC,Nicaragua,Caribbean and Central America,2017,2660621.517,1826399.374
562,NER,Niger,Sub-Saharan Africa,2017,267337.566,362313.219
566,NGA,Nigeria,Sub-Saharan Africa,2017,46128050.3,112513386.7
568,,"Other Europe, nes",Europe,2017,2570721.509,4548317.845
570,NIU,Niue,Oceania,2017,176.858,51.109
574,NFK,Norfolk Isds,Oceania,2017,421.191,105.151
577,,"Other Africa, nes",Sub-Saharan Africa,2017,134.09,102.406
579,NOR,Norway,Europe,2017,87860344.9,234254515.1
580,MNP,N. Mariana Isds,Oceania,2017,1493.852,3739.59
581,UMI,United States Minor Outlying Isds,Oceania,2017,3304.558,654.529
583,FSM,Micronesia,Oceania,2017,28933.938,13393.412
584,MHL,Marshall Isds,Oceania,2017,51164.598,30789.91
585,PLW,Palau,Oceania,2017,15005.50762,4120.248644
586,PAK,Pakistan,South Asia,2017,7392752.588,30944744.98
591,PAN,Panama,Caribbean and Central America,2017,2178072.748,3169550.92
598,PNG,Papua New Guinea,Oceania,2017,9067470.904,14515922.44
600,PRY,Paraguay,South America,2017,5904794.008,13204008.72
604,PER,Peru,South America,2017,42006602.85,45594398.75
608,PHL,Philippines,Southeast Asia,2017,13563630.29,61918890.23
612,PCN,Pitcairn,Oceania,2017,134.637,67.275
616,POL,Poland,Europe,2017,38166353.17,62633686.83
620,PRT,Portugal,Europe,2017,13956288.06,204635561.3
624,GNB,Guinea-Bissau,Sub-Saharan Africa,2017,271008.243,138707.148
626,TLS,Timor-Leste,Southeast Asia,2017,100465.0475,201739.6221
634,QAT,Qatar,Middle East and North Africa,2017,52435994.99,130293671.7
637,,"North America and Central America, nes",Other,2017,,
642,ROU,Romania,Europe,2017,14020084,32787629.28
643,RUS,Russian Federation,Central and Northern Asia,2017,337946777.2,1052701828
646,RWA,Rwanda,Sub-Saharan Africa,2017,203107.956,74261.818
652,BLM,Saint-Barthelemy,Caribbean and Central America,2017,22229.317,78226.658
654,SHN,Saint Helena,Sub-Saharan Africa,2017,13494.688,5825.104
659,KNA,Saint Kitts and Nevis,Caribbean and Central America,2017,1935.270554,1385.593626
660,AIA,Anguilla,Caribbean and Central America,2017,299.794,222.844
662,LCA,Saint Lucia,Caribbean and Central America,2017,53933.01,143119.435
666,SPM,Saint Pierre and Miquelon,North America,2017,2352.07,824.678
670,VCT,Saint Vincent and the Grenadines,Caribbean and Central America,2017,116590.33,256649.7682
674,SMR,San Marino,Europe,2017,11530.063,8699.685
678,STP,Sao Tome and Principe,Sub-Saharan Africa,2017,13138.89094,10353.66122
682,SAU,Saudi Arabia,Middle East and North Africa,2017,149036315.3,372522509.9
686,SEN,Senegal,Sub-Saharan Africa,2017,2550444.779,6612324.955
688,SRB,Serbia,Europe,2017,5006153.088,9350484.035
690,SYC,Seychelles,Sub-Saharan Africa,2017,266667.711,143686.1101
694,SLE,Sierra Leone,Sub-Saharan Africa,2017,683852.9752,9200974.283
699,IND,India,South Asia,2017,132253167.3,208543514.2
702,SGP,Singapore,Southeast Asia,2017,59889930.5,71744120.36
703,SVK,Slovakia,Europe,2017,13024027.72,29890069.41
704,VNM,Vietnam,Southeast Asia,2017,31688916.73,235132006.2
705,SVN,Slovenia,Europe,2017,5058909.936,9996686.642
706,SOM,Somalia,Sub-Saharan Africa,2017,193275.703,49863.096
710,ZAF,South Africa,Sub-Saharan Africa,2017,69397353.65,242759826.4
716,ZWE,Zimbabwe,Sub-Saharan Africa,2017,1856837.904,1468080.912
724,ESP,Spain,Europe,2017,82763417.6,110848414.9
728,SSD,South Sudan,Sub-Saharan Africa,2017,1335178.621,3715553.628
729,SDN,Sudan,Sub-Saharan Africa,2017,4575003.526,4334697.702
732,ESH,Western Sahara,Middle East and North Africa,2017,87.164,33.234
740,SUR,Suriname,South America,2017,2067101.834,1272734.644
748,SWZ,Swaziland,Sub-Saharan Africa,2017,520124.924,1595910.742
752,SWE,Sweden,Europe,2017,35674317.37,71798287.67
757,CHE,Switzerland,Europe,2017,82619805.11,51622044.45
760,SYR,Syria,Middle East and North Africa,2017,406190.95,254761
762,TJK,Tajikistan,Central and Northern Asia,2017,876925.212,634264.749
764,THA,Thailand,Southeast Asia,2017,40521335.28,108709018.4
768,TGO,Togo,Sub-Saharan Africa,2017,1354050.579,4749763.88
772,TKL,Tokelau,Oceania,2017,52311.03,93642.941
776,TON,Tonga,Oceania,2017,13617.838,10956.082
780,TTO,Trinidad and Tobago,Caribbean and Central America,2017,5892988.589,17266678.48
784,ARE,United Arab Emirates,Middle East and North Africa,2017,117495645.5,262986947.8
788,TUN,Tunisia,Middle East and North Africa,2017,3029896.851,7304966.716
792,TUR,Turkey,Europe,2017,40971012.56,79303862.96
795,TKM,Turkmenistan,Central and Northern Asia,2017,7566356.374,26644257.29
796,TCA,Turks and Caicos Isds,Caribbean and Central America,2017,2795.166,1556.416
798,TUV,Tuvalu,Oceania,2017,2069.788,520.714
800,UGA,Uganda,Sub-Saharan Africa,2017,1923057.483,2214736.821
804,UKR,Ukraine,Central and Northern Asia,2017,35475367.49,152638779.5
807,MKD,"Macedonia, FYR",Europe,2017,1196600.767,2016523.068
818,EGY,Egypt,Middle East and North Africa,2017,17547238.66,32412933.98
826,GBR,United Kingdom,Europe,2017,88131711.66,164329332.4
834,TZA,Tanzania,Sub-Saharan Africa,2017,4489346.487,2495302.252
837,,Bunkers,Other,2017,367.207,662.59
838,,Free Zones,Other,2017,996821.504,2682214.074
839,,Special Categories,Other,2017,33609158.27,119203679
842,USA,United States,North America,2017,354466349.8,672233387.1
854,BFA,Burkina Faso,Sub-Saharan Africa,2017,2364180.313,381927.114
858,URY,Uruguay,South America,2017,8842155.697,20002307.29
860,UZB,Uzbekistan,Central and Northern Asia,2017,6988251.505,6385302.731
862,VEN,Venezuela,South America,2017,29737874.82,95857731.68
876,WLF,Wallis and Futuna Isds,Oceania,2017,19.962,67
882,WSM,Samoa,Oceania,2017,37101.76625,35543.52032
887,YEM,Yemen,Middle East and North Africa,2017,1549411.128,2185264.819
894,ZMB,Zambia,Sub-Saharan Africa,2017,9566460.076,3561521.338
899,,"Areas, nes",Other,2017,9674937.325,29478194.05
